id	year	usable	usable2
GSE100033	2017	no	no
GSE100037	2017	no	no
GSE100058	2017	no	no
GSE100106	2017	no	no
GSE100118	2017	no	no
GSE100274	2017	no	no
GSE100320	2017	no	no
GSE100337	2017	no	no
GSE100344	2017	no	no
GSE100384	2017	no	no
GSE100389	2017	no	no
GSE100412	2017	no	no
GSE100426	2017	no	no
GSE100449	2017	no	no
GSE100471	2017	no	no
GSE100474	2017	no	no
GSE100501	2017	no	no
GSE100584	2017	no	no
GSE100586	2017	no	no
GSE100597	2017	no	no
GSE100607	2017	no	no
GSE100618	2017	no	no
GSE100669	2017	yes	meta
GSE100694	2017	no	no
GSE100706	2017	no	no
GSE100725	2017	no	no
GSE100771	2017	no	no
GSE100861	2017	no	no
GSE100866	2017	no	no
GSE100913	2017	no	no
GSE101099	2017	no	no
GSE101181	2017	no	no
GSE101207	2017	no	no
GSE101334	2017	no	no
GSE101340	2017	no	no
GSE101341	2017	no	no
GSE101487	2017	no	no
GSE101518	2017	no	no
GSE101519	2017	no	no
GSE101558	2017	no	no
GSE101601	2017	no	no
GSE101712	2017	no	no
GSE101901	2017	no	no
GSE101984	2017	no	no
GSE102048	2017	no	no
GSE102086	2017	no	no
GSE102090	2017	no	no
GSE102130	2017	no	no
GSE102163	2017	no	no
GSE102299	2017	no	no
GSE102332	2017	no	no
GSE102443	2017	no	no
GSE102456	2017	no	no
GSE102475	2017	no	no
GSE102479	2017	no	no
GSE102580	2017	yes	meta
GSE102591	2017	no	no
GSE102596	2017	no	no
GSE102665	2017	no	no
GSE102698	2017	no	no
GSE102748	2017	no	no
GSE102827	2017	yes	meta
GSE102929	2017	no	no
GSE102934	2017	no	no
GSE102935	2017	no	no
GSE102962	2017	no	no
GSE102990	2017	no	no
GSE103011	2017	no	no
GSE103185	2017	no	no
GSE103221	2017	no	no
GSE103224	2017	no	no
GSE103239	2017	no	no
GSE103275	2017	no	no
GSE103322	2017	no	no
GSE103334	2017	no	no
GSE103354	2017	yes	object
GSE103461	2017	no	no
GSE103518	2017	no	no
GSE103544	2017	no	no
GSE103568	2017	no	no
GSE103574	2017	no	no
GSE103577	2017	no	no
GSE103591	2017	no	no
GSE103618	2017	no	no
GSE103633	2017	no	no
GSE103647	2017	no	no
GSE103692	2017	no	no
GSE103723	2017	no	no
GSE103753	2017	no	no
GSE103771	2017	no	no
GSE103772	2017	yes	meta
GSE103789	2017	no	no
GSE103840	2017	no	no
GSE103892	2017	no	no
GSE103920	2017	no	no
GSE103970	2017	yes	meta
GSE103976	2017	no	no
GSE104054	2017	yes	meta
GSE104154	2017	yes	meta
GSE104158	2017	no	no
GSE104276	2017	no	no
GSE104343	2017	no	no
GSE104379	2017	no	no
GSE104396	2017	no	no
GSE104406	2017	no	no
GSE104478	2017	no	no
GSE104490	2017	no	no
GSE104497	2017	no	no
GSE104525	2017	no	no
GSE104556	2017	no	no
GSE104701	2017	no	no
GSE104782	2017	yes	meta
GSE104842	2017	no	no
GSE104869	2017	no	no
GSE104899	2017	no	no
GSE104985	2017	no	no
GSE104987	2017	no	no
GSE105010	2017	yes	object
GSE105054	2017	no	no
GSE105115	2017	no	no
GSE105119	2017	no	no
GSE105211	2017	no	no
GSE105267	2017	no	no
GSE105454	2017	no	no
GSE106078	2017	no	no
GSE106118	2017	no	no
GSE106121	2017	no	no
GSE106202	2017	no	no
GSE106218	2017	no	no
GSE106219	2017	no	no
GSE106236	2017	no	no
GSE106245	2017	no	no
GSE106251	2017	no	no
GSE106268	2017	no	no
GSE106269	2017	no	no
GSE106273	2017	yes	meta
GSE106391	2017	no	no
GSE106447	2017	no	no
GSE106471	2017	no	no
GSE106472	2017	no	no
GSE106487	2017	no	no
GSE106489	2017	no	no
GSE106510	2017	no	no
GSE106514	2017	no	no
GSE106544	2017	no	no
GSE106587	2017	no	no
GSE106636	2017	no	no
GSE106663	2017	no	no
GSE106676	2017	no	no
GSE106678	2017	no	no
GSE106708	2017	no	no
GSE106850	2017	no	no
GSE106856	2017	no	no
GSE106872	2017	no	no
GSE106882	2017	no	no
GSE106888	2017	no	no
GSE106960	2017	no	no
GSE106973	2017	no	no
GSE107115	2017	no	no
GSE107122	2017	no	no
GSE107152	2017	no	no
GSE107153	2017	no	no
GSE107185	2017	no	no
GSE107220	2017	no	no
GSE107451	2017	yes	meta
GSE107493	2017	no	no
GSE107517	2017	no	no
GSE107527	2017	no	no
GSE107552	2017	no	no
GSE107585	2017	no	no
GSE107618	2017	no	no
GSE107632	2017	no	no
GSE107644	2017	yes	meta
GSE107646	2017	no	no
GSE107653	2017	yes	meta
GSE107711	2017	no	no
GSE107723	2017	no	no
GSE107727	2017	no	no
GSE107740	2017	no	no
GSE107747	2017	no	no
GSE107761	2017	no	no
GSE107771	2017	no	no
GSE107794	2017	no	no
GSE107864	2017	no	no
GSE107873	2017	no	no
GSE107874	2017	no	no
GSE107909	2017	no	no
GSE107910	2017	no	no
GSE107947	2017	no	no
GSE108020	2017	no	no
GSE108041	2017	no	no
GSE108067	2017	no	no
GSE108097	2017	no	no
GSE108108	2017	no	no
GSE108129	2017	no	no
GSE108155	2017	no	no
GSE108222	2017	no	no
GSE108230	2017	no	no
GSE108233	2017	no	no
GSE108261	2017	no	no
GSE108275	2017	no	no
GSE108287	2017	no	no
GSE108288	2017	no	no
GSE108291	2017	no	no
GSE108313	2017	no	no
GSE108359	2017	no	no
GSE108378	2017	no	no
GSE108397	2017	no	no
GSE108416	2017	no	no
GSE108427	2017	no	no
GSE108443	2017	no	no
GSE108444	2017	no	no
GSE108463	2017	no	no
GSE108478	2017	no	no
GSE108546	2017	no	no
GSE108556	2017	no	no
GSE108561	2017	no	no
GSE108571	2017	no	no
GSE108578	2017	no	no
GSE108612	2017	no	no
GSE108653	2018	no	no
GSE108677	2018	no	no
GSE108679	2018	no	no
GSE108699	2018	yes	meta
GSE108709	2018	no	no
GSE108761	2018	no	no
GSE108775	2018	no	no
GSE108788	2018	no	no
GSE108811	2018	no	no
GSE108849	2018	no	no
GSE108891	2018	yes	meta
GSE108963	2018	no	no
GSE108970	2018	no	no
GSE108974	2018	no	no
GSE108977	2018	no	no
GSE109033	2018	no	no
GSE109037	2018	no	no
GSE109049	2018	no	no
GSE109071	2018	no	no
GSE109085	2018	no	no
GSE109100	2018	no	no
GSE109113	2018	no	no
GSE109205	2018	no	no
GSE109247	2018	no	no
GSE109262	2018	no	no
GSE109281	2018	no	no
GSE109308	2018	no	no
GSE109324	2018	no	no
GSE109444	2018	no	no
GSE109447	2018	no	no
GSE109449	2018	yes	meta
GSE109488	2018	no	no
GSE109524	2018	no	no
GSE109535	2018	no	no
GSE109542	2018	yes	meta
GSE109555	2018	no	no
GSE109556	2018	no	no
GSE109564	2018	no	no
GSE109706	2018	no	no
GSE109707	2018	no	no
GSE109718	2018	no	no
GSE109742	2018	yes	meta
GSE109761	2018	yes	object
GSE109774	2018	no	no
GSE109796	2018	no	no
GSE109816	2018	yes	meta
GSE109822	2018	no	no
GSE109881	2018	no	no
GSE109984	2018	no	no
GSE109989	2018	no	no
GSE109990	2018	no	no
GSE109999	2018	no	no
GSE110010	2018	no	no
GSE110037	2018	no	no
GSE110116	2018	no	no
GSE110154	2018	no	no
GSE110208	2018	no	no
GSE110265	2018	no	no
GSE110283	2018	no	no
GSE110351	2018	no	no
GSE110357	2018	no	no
GSE110371	2018	no	no
GSE110496	2018	no	no
GSE110499	2018	no	no
GSE110501	2018	no	no
GSE110513	2018	no	no
GSE110588	2018	no	no
GSE110626	2018	no	no
GSE110648	2018	no	no
GSE110680	2018	no	no
GSE110684	2018	no	no
GSE110686	2018	no	no
GSE110727	2018	no	no
GSE110746	2018	no	no
GSE110791	2018	no	no
GSE110798	2018	no	no
GSE110823	2018	no	no
GSE110878	2018	no	no
GSE110894	2018	no	no
GSE110899	2018	no	no
GSE110909	2018	no	no
GSE110949	2018	yes	meta
GSE110973	2018	no	no
GSE111015	2018	no	no
GSE111027	2018	no	no
GSE111065	2018	no	no
GSE111068	2018	yes	meta
GSE111107	2018	no	no
GSE111113	2018	no	no
GSE111229	2018	no	no
GSE111301	2018	no	no
GSE111360	2018	yes	meta
GSE111404	2018	no	no
GSE111429	2018	no	no
GSE111462	2018	no	no
GSE111527	2018	no	no
GSE111543	2018	no	no
GSE111545	2018	no	no
GSE111598	2018	no	no
GSE111599	2018	no	no
GSE111664	2018	no	no
GSE111672	2018	no	no
GSE111704	2018	no	no
GSE111717	2018	no	no
GSE111727	2018	no	no
GSE111748	2018	no	no
GSE111752	2018	no	no
GSE111764	2018	yes	meta
GSE111822	2018	no	no
GSE111831	2018	no	no
GSE111839	2018	no	no
GSE111860	2018	yes	meta
GSE111893	2018	no	no
GSE111898	2018	yes	meta
GSE111912	2018	no	no
GSE111976	2018	yes	meta
GSE112004	2018	no	no
GSE112008	2018	no	no
GSE112033	2018	no	no
GSE112050	2018	no	no
GSE112177	2018	no	no
GSE112205	2018	no	no
GSE112271	2018	no	no
GSE112274	2018	no	no
GSE112294	2018	no	no
GSE112380	2018	no	no
GSE112381	2018	no	no
GSE112393	2018	no	no
GSE112417	2018	no	no
GSE112438	2018	no	no
GSE112507	2018	no	no
GSE112541	2018	no	no
GSE112570	2018	no	no
GSE112642	2018	no	no
GSE112671	2018	no	no
GSE112692	2018	no	no
GSE112711	2018	no	no
GSE112732	2018	no	no
GSE112794	2018	no	no
GSE112837	2018	no	no
GSE112845	2018	no	no
GSE112846	2018	no	no
GSE112865	2018	no	no
GSE112880	2018	no	no
GSE112903	2018	yes	meta
GSE112982	2018	no	no
GSE113014	2018	no	no
GSE113036	2018	no	no
GSE113043	2018	no	no
GSE113046	2018	no	no
GSE113049	2018	yes	meta
GSE113069	2018	yes	meta
GSE113074	2018	yes	meta
GSE113089	2018	no	no
GSE113111	2018	no	no
GSE113164	2018	no	no
GSE113168	2018	no	no
GSE113197	2018	no	no
GSE113208	2018	no	no
GSE113221	2018	no	no
GSE113262	2018	no	no
GSE113280	2018	no	no
GSE113293	2018	no	no
GSE113307	2018	no	no
GSE113320	2018	no	no
GSE113336	2018	no	no
GSE113403	2018	no	no
GSE113418	2018	no	no
GSE113466	2018	no	no
GSE113502	2018	no	no
GSE113530	2018	no	no
GSE113536	2018	no	no
GSE113560	2018	no	no
GSE113561	2018	yes	meta
GSE113576	2018	no	no
GSE113605	2018	no	no
GSE113616	2018	no	no
GSE113660	2018	no	no
GSE113675	2018	no	no
GSE113689	2018	no	no
GSE113765	2018	no	no
GSE113766	2018	no	no
GSE113788	2018	no	no
GSE113807	2018	no	no
GSE113811	2018	no	no
GSE113854	2018	no	no
GSE113901	2018	no	no
GSE113917	2018	no	no
GSE113931	2018	no	no
GSE113973	2018	no	no
GSE113985	2018	no	no
GSE113990	2018	no	no
GSE114000	2018	yes	meta
GSE114044	2018	no	no
GSE114071	2018	no	no
GSE114156	2018	no	no
GSE114157	2018	no	no
GSE114161	2018	no	no
GSE114186	2018	no	no
GSE114220	2018	no	no
GSE114239	2018	no	no
GSE114278	2018	no	no
GSE114279	2018	no	no
GSE114297	2018	no	no
GSE114312	2018	no	no
GSE114313	2018	no	no
GSE114314	2018	no	no
GSE114374	2018	no	no
GSE114396	2018	no	no
GSE114397	2018	yes	meta
GSE114412	2018	yes	meta
GSE114446	2018	no	no
GSE114454	2018	no	no
GSE114459	2018	no	no
GSE114460	2018	no	no
GSE114461	2018	no	no
GSE114530	2018	no	no
GSE114569	2018	yes	meta
GSE114615	2018	no	no
GSE114670	2018	no	no
GSE114687	2018	yes	meta
GSE114704	2018	no	no
GSE114713	2018	no	no
GSE114727	2018	yes	meta
GSE114748	2018	no	no
GSE114759	2018	yes	meta
GSE114793	2018	no	no
GSE114802	2018	no	no
GSE114822	2018	no	no
GSE114895	2018	yes	object
GSE114952	2018	no	no
GSE114961	2018	no	no
GSE114986	2018	no	no
GSE114988	2018	no	no
GSE114997	2018	no	no
GSE115006	2018	no	no
GSE115007	2018	no	no
GSE115008	2018	no	no
GSE115011	2018	no	no
GSE115030	2018	yes	object
GSE115032	2018	no	no
GSE115033	2018	no	no
GSE115070	2018	yes	meta
GSE115097	2018	no	no
GSE115140	2018	no	no
GSE115149	2018	no	no
GSE115189	2018	no	no
GSE115218	2018	no	no
GSE115235	2018	no	no
GSE115242	2018	no	no
GSE115243	2018	yes	meta
GSE115251	2018	no	no
GSE115257	2018	no	no
GSE115280	2018	no	no
GSE115297	2018	no	no
GSE115298	2018	no	no
GSE115299	2018	no	no
GSE115301	2018	yes	meta
GSE115331	2018	no	no
GSE115346	2018	no	no
GSE115350	2018	no	no
GSE115389	2018	no	no
GSE115397	2018	no	no
GSE115404	2018	no	no
GSE115405	2018	no	no
GSE115424	2018	no	no
GSE115427	2018	no	no
GSE115469	2018	no	no
GSE115476	2018	no	no
GSE115501	2018	no	no
GSE115571	2018	no	no
GSE115600	2018	no	no
GSE115612	2018	no	no
GSE115622	2018	no	no
GSE115628	2018	no	no
GSE115640	2018	no	no
GSE115723	2018	no	no
GSE115730	2018	no	no
GSE115746	2018	yes	meta
GSE115765	2018	no	no
GSE115795	2018	no	no
GSE115798	2018	no	no
GSE115803	2018	no	no
GSE115859	2018	no	no
GSE115861	2018	no	no
GSE115865	2018	no	no
GSE115869	2018	no	no
GSE115884	2018	no	no
GSE115900	2018	no	no
GSE115903	2018	no	no
GSE115908	2018	no	no
GSE115926	2018	no	no
GSE115931	2018	no	no
GSE115934	2018	no	no
GSE115936	2018	no	no
GSE115937	2018	no	no
GSE115950	2018	no	no
GSE115953	2018	no	no
GSE115955	2018	no	no
GSE115956	2018	no	no
GSE115968	2018	no	no
GSE115978	2018	yes	meta
GSE115982	2018	no	no
GSE115986	2018	no	no
GSE115997	2018	no	no
GSE116001	2018	no	no
GSE116011	2018	no	no
GSE116031	2018	no	no
GSE116106	2018	no	no
GSE116113	2018	no	no
GSE116138	2018	no	no
GSE116140	2018	no	no
GSE116165	2018	no	no
GSE116180	2018	no	no
GSE116222	2018	no	no
GSE116237	2018	no	no
GSE116240	2018	no	no
GSE116254	2018	no	no
GSE116256	2018	no	no
GSE116341	2018	no	no
GSE116390	2018	yes	meta
GSE116397	2018	no	no
GSE116426	2018	no	no
GSE116470	2018	yes	meta
GSE116481	2018	yes	meta
GSE116482	2018	no	no
GSE116500	2018	no	no
GSE116514	2018	no	no
GSE116530	2018	no	no
GSE116555	2018	yes	object
GSE116614	2018	no	no
GSE116621	2018	no	no
GSE116672	2018	no	no
GSE116683	2018	no	no
GSE116708	2018	no	no
GSE116718	2018	no	no
GSE116753	2018	no	no
GSE116920	2018	no	no
GSE116946	2018	no	no
GSE116947	2018	no	no
GSE117011	2018	no	no
GSE117053	2018	no	no
GSE117055	2018	no	no
GSE117075	2018	no	no
GSE117078	2018	no	no
GSE117079	2018	no	no
GSE117089	2018	yes	meta
GSE117129	2018	no	no
GSE117131	2018	yes	meta
GSE117149	2018	no	no
GSE117154	2018	no	no
GSE117156	2018	yes	meta
GSE117166	2018	no	no
GSE117176	2018	no	no
GSE117211	2018	no	no
GSE117216	2018	no	no
GSE117219	2018	no	no
GSE117229	2018	no	no
GSE117233	2018	no	no
GSE117271	2018	no	no
GSE117309	2018	no	no
GSE117382	2018	no	no
GSE117394	2018	no	no
GSE117397	2018	no	no
GSE117403	2018	no	no
GSE117410	2018	no	meta
GSE117437	2018	no	no
GSE117449	2018	no	no
GSE117470	2018	no	no
GSE117480	2018	no	no
GSE117498	2018	no	no
GSE117512	2018	no	no
GSE117542	2018	no	no
GSE117567	2018	no	no
GSE117570	2018	no	no
GSE117599	2018	no	no
GSE117615	2018	no	no
GSE117708	2018	no	no
GSE117715	2018	no	no
GSE117770	2018	no	no
GSE117795	2018	no	no
GSE117803	2018	no	no
GSE117826	2018	no	no
GSE117837	2018	no	no
GSE117872	2018	no	no
GSE117891	2018	no	no
GSE117893	2018	no	no
GSE117895	2018	no	no
GSE117963	2018	no	no
GSE117988	2018	no	no
GSE117997	2018	no	no
GSE118019	2018	no	no
GSE118055	2018	no	no
GSE118056	2018	no	no
GSE118068	2018	no	no
GSE118122	2018	no	no
GSE118127	2018	no	no
GSE118137	2018	no	no
GSE118180	2018	no	no
GSE118184	2018	no	no
GSE118194	2018	no	no
GSE118209	2018	no	no
GSE118234	2018	no	no
GSE118237	2018	yes	meta
GSE118252	2018	no	no
GSE118257	2018	yes	meta
GSE118258	2018	yes	meta
GSE118292	2018	no	no
GSE118312	2018	no	no
GSE118322	2018	yes	meta
GSE118390	2018	no	no
GSE118404	2018	no	no
GSE118410	2018	no	no
GSE118412	2018	no	no
GSE118436	2018	no	no
GSE118486	2018	no	no
GSE118487	2018	no	no
GSE118545	2018	no	no
GSE118546	2018	yes	object
GSE118555	2018	no	no
GSE118577	2018	no	no
GSE118599	2018	no	no
GSE118614	2018	no	no
GSE118682	2018	no	no
GSE118723	2018	yes	meta
GSE118726	2018	no	no
GSE118733	2018	no	no
GSE118734	2018	no	no
GSE118767	2018	yes	meta
GSE118768	2018	no	no
GSE118773	2018	no	no
GSE118814	2018	no	no
GSE118828	2018	yes	meta
GSE118852	2018	no	no
GSE118891	2018	no	no
GSE118900	2018	no	no
GSE118904	2018	no	no
GSE118918	2018	no	no
GSE118931	2018	no	no
GSE118932	2018	no	no
GSE118948	2018	no	no
GSE118953	2018	no	no
GSE118987	2018	no	no
GSE119045	2018	no	no
GSE119060	2018	no	no
GSE119139	2018	no	no
GSE119212	2018	no	no
GSE119228	2018	yes	meta
GSE119271	2018	no	no
GSE119274	2018	no	no
GSE119323	2018	no	no
GSE119324	2018	no	no
GSE119343	2018	no	no
GSE119352	2018	yes	meta
GSE119355	2018	no	no
GSE119373	2018	no	no
GSE119428	2018	yes	meta
GSE119450	2018	no	no
GSE119455	2018	no	no
GSE119484	2018	no	no
GSE119506	2018	no	no
GSE119507	2018	no	no
GSE119531	2018	yes	meta
GSE119561	2018	no	no
GSE119562	2018	no	no
GSE119594	2018	no	no
GSE119630	2018	no	no
GSE119750	2018	yes	meta
GSE119766	2018	no	no
GSE119807	2018	no	no
GSE119861	2018	no	no
GSE119888	2018	no	no
GSE119893	2018	no	no
GSE119906	2018	no	no
GSE119926	2018	no	no
GSE119943	2018	no	no
GSE119945	2018	yes	meta
GSE119960	2018	no	no
GSE119969	2018	no	no
GSE119984	2018	no	no
GSE119988	2018	no	no
GSE120000	2018	no	no
GSE120035	2018	no	no
GSE120046	2018	yes	meta
GSE120061	2018	no	no
GSE120064	2018	no	no
GSE120067	2018	no	no
GSE120107	2018	no	no
GSE120108	2018	no	no
GSE120112	2018	no	no
GSE120145	2018	no	no
GSE120155	2018	no	no
GSE120156	2018	no	no
GSE120180	2018	no	no
GSE120190	2018	no	no
GSE120199	2018	no	no
GSE120239	2018	no	no
GSE120261	2018	no	no
GSE120269	2018	no	no
GSE120365	2018	no	no
GSE120372	2018	no	no
GSE120386	2018	no	no
GSE120404	2018	no	no
GSE120406	2018	no	no
GSE120407	2018	no	no
GSE120408	2018	no	no
GSE120410	2018	no	no
GSE120421	2018	no	no
GSE120446	2018	no	no
GSE120462	2018	no	no
GSE120467	2018	no	no
GSE120503	2018	no	no
GSE120508	2018	no	no
GSE120515	2018	no	no
GSE120522	2018	no	no
GSE120537	2018	yes	meta
GSE120575	2018	no	no
GSE120628	2018	no	no
GSE120629	2018	no	no
GSE120654	2018	no	no
GSE120667	2018	no	no
GSE120678	2018	no	no
GSE120744	2018	no	no
GSE120745	2018	no	no
GSE120776	2018	no	no
GSE120787	2018	no	no
GSE120839	2018	yes	meta
GSE120861	2018	yes	object
GSE120909	2018	no	no
GSE120960	2018	no	no
GSE120974	2018	no	no
GSE120976	2018	no	no
GSE121001	2018	no	no
GSE121002	2018	no	no
GSE121026	2018	no	no
GSE121034	2018	no	no
GSE121039	2018	yes	meta
GSE121047	2018	no	no
GSE121050	2018	no	no
GSE121080	2018	no	no
GSE121081	2018	no	no
GSE121083	2018	no	no
GSE121107	2018	no	no
GSE121265	2018	no	meta
GSE121267	2018	no	no
GSE121284	2018	no	no
GSE121287	2018	no	no
GSE121292	2018	no	no
GSE121309	2018	no	no
GSE121320	2018	no	no
GSE121364	2018	no	no
GSE121371	2018	no	no
GSE121380	2018	no	no
GSE121386	2018	no	no
GSE121416	2018	no	no
GSE121429	2018	no	no
GSE121451	2018	no	no
GSE121457	2018	yes	meta
GSE121469	2018	no	no
GSE121477	2018	no	no
GSE121478	2018	no	no
GSE121521	2018	no	no
GSE121527	2018	no	no
GSE121560	2018	no	no
GSE121568	2018	no	no
GSE121579	2018	no	no
GSE121598	2018	no	no
GSE121600	2018	no	no
GSE121602	2018	no	no
GSE121611	2018	no	no
GSE121617	2018	no	no
GSE121619	2018	yes	object
GSE121638	2018	yes	meta
GSE121653	2018	no	no
GSE121654	2018	no	no
GSE121655	2018	no	no
GSE121671	2018	no	no
GSE121705	2018	no	no
GSE121707	2018	no	no
GSE121708	2018	no	no
GSE121717	2018	no	no
GSE121720	2018	no	meta
GSE121737	2018	no	no
GSE121750	2018	no	no
GSE121807	2018	no	no
GSE121861	2018	no	no
GSE121891	2018	yes	meta
GSE121893	2018	no	no
GSE121904	2018	no	no
GSE121940	2018	no	no
GSE121957	2018	yes	meta
GSE122009	2018	yes	meta
GSE122012	2018	no	no
GSE122026	2018	no	no
GSE122031	2018	no	no
GSE122041	2018	no	no
GSE122043	2018	no	no
GSE122057	2018	no	no
GSE122084	2018	no	no
GSE122187	2018	no	no
GSE122208	2018	no	no
GSE122209	2018	no	no
GSE122233	2018	no	no
GSE122332	2018	no	no
GSE122336	2018	no	no
GSE122342	2018	no	no
GSE122357	2018	no	no
GSE122392	2018	no	no
GSE122393	2018	no	no
GSE122403	2018	no	no
GSE122460	2018	yes	meta
GSE122467	2018	yes	meta
GSE122529	2018	no	no
GSE122662	2018	no	no
GSE122666	2018	no	no
GSE122687	2018	no	no
GSE122706	2018	no	no
GSE122713	2018	no	no
GSE122730	2018	no	no
GSE122740	2018	no	no
GSE122743	2018	no	no
GSE122762	2018	no	no
GSE122783	2018	no	no
GSE122784	2018	no	no
GSE122792	2018	no	no
GSE122795	2018	no	no
GSE122817	2018	no	no
GSE122827	2018	no	no
GSE122843	2018	no	no
GSE122846	2018	no	no
GSE122871	2018	no	no
GSE122873	2018	no	no
GSE122900	2018	no	no
GSE122930	2018	no	no
GSE122960	2018	no	no
GSE122969	2018	no	no
GSE122970	2018	no	no
GSE122982	2018	no	no
GSE122992	2018	no	no
GSE123013	2018	no	no
GSE123028	2018	no	no
GSE123030	2018	no	no
GSE123035	2018	no	no
GSE123067	2018	no	no
GSE123070	2018	no	no
GSE123074	2018	no	no
GSE123078	2018	no	no
GSE123103	2018	no	no
GSE123119	2018	no	meta
GSE123135	2018	no	no
GSE123139	2018	no	no
GSE123164	2018	no	no
GSE123179	2018	no	no
GSE123187	2018	no	no
GSE123241	2018	no	no
GSE123335	2018	yes	meta
GSE123359	2018	no	no
GSE123366	2018	no	no
GSE123392	2018	yes	meta
GSE123400	2018	no	no
GSE123454	2018	no	no
GSE123476	2018	no	no
GSE123508	2018	no	no
GSE123516	2018	no	no
GSE123534	2018	no	no
GSE123547	2018	no	no
GSE123585	2018	no	no
GSE123586	2018	no	no
GSE123587	2018	no	no
GSE123595	2018	no	no
GSE123604	2018	no	no
GSE123662	2018	no	no
GSE123722	2018	no	no
GSE123778	2018	no	no
GSE123782	2018	no	no
GSE123812	2018	no	no
GSE123813	2018	yes	meta
GSE123818	2018	no	no
GSE123824	2018	no	no
GSE123837	2018	no	no
GSE123838	2018	no	no
GSE123844	2018	no	no
GSE123904	2018	yes	meta
GSE123926	2018	no	no
GSE123941	2018	no	no
GSE123994	2018	no	no
GSE124031	2018	no	no
GSE124061	2018	no	no
GSE124099	2018	no	no
GSE124162	2018	no	no
GSE124172	2018	no	no
GSE124174	2018	no	no
GSE124258	2018	no	no
GSE124263	2018	no	no
GSE124299	2018	yes	meta
GSE124310	2018	no	no
GSE124312	2018	yes	meta
GSE124323	2018	yes	meta
GSE124324	2018	no	no
GSE124334	2018	no	no
GSE124335	2018	no	no
GSE124365	2018	no	no
GSE124395	2018	yes	object
GSE124425	2018	no	no
GSE124437	2018	no	no
GSE124454	2018	no	no
GSE124472	2018	no	no
GSE124477	2018	no	no
GSE124488	2018	no	no
GSE124494	2018	no	no
GSE124560	2019	no	no
GSE124562	2019	no	no
GSE124577	2019	no	no
GSE124675	2019	yes	meta
GSE124691	2019	no	no
GSE124703	2019	no	no
GSE124728	2019	no	no
GSE124731	2019	yes	meta
GSE124742	2019	no	no
GSE124796	2019	no	no
GSE124822	2019	no	no
GSE124847	2019	no	no
GSE124862	2019	no	no
GSE124872	2019	yes	meta
GSE124875	2019	no	meta
GSE124880	2019	no	no
GSE124885	2019	no	no
GSE124889	2019	no	no
GSE124899	2019	no	no
GSE124901	2019	no	no
GSE124904	2019	no	no
GSE124930	2019	no	no
GSE124952	2019	yes	meta
GSE124989	2019	no	no
GSE124992	2019	no	no
GSE125044	2019	yes	meta
GSE125065	2019	no	no
GSE125077	2019	no	no
GSE125088	2019	no	no
GSE125162	2019	no	no
GSE125188	2019	no	no
GSE125241	2019	no	no
GSE125269	2019	no	no
GSE125272	2019	no	no
GSE125288	2019	no	no
GSE125290	2019	no	no
GSE125300	2019	no	no
GSE125316	2019	no	no
GSE125372	2019	no	no
GSE125416	2019	no	no
GSE125449	2019	no	no
GSE125464	2019	no	no
GSE125492	2019	no	no
GSE125497	2019	no	no
GSE125527	2019	yes	meta
GSE125579	2019	yes	meta
GSE125586	2019	yes	meta
GSE125587	2019	no	no
GSE125588	2019	no	no
GSE125595	2019	no	no
GSE125616	2019	no	no
GSE125620	2019	no	no
GSE125670	2019	no	no
GSE125676	2019	no	no
GSE125680	2019	no	no
GSE125688	2019	no	no
GSE125694	2019	no	no
GSE125708	2019	no	no
GSE125709	2019	no	no
GSE125837	2019	no	no
GSE125838	2019	no	no
GSE125881	2019	yes	meta
GSE125949	2019	no	no
GSE125969	2019	yes	meta
GSE125970	2019	no	no
GSE126022	2019	no	no
GSE126027	2019	no	no
GSE126030	2019	no	no
GSE126042	2019	no	no
GSE126060	2019	no	no
GSE126067	2019	no	no
GSE126068	2019	no	no
GSE126074	2019	no	no
GSE126085	2019	no	no
GSE126111	2019	no	no
GSE126128	2019	no	no
GSE126131	2019	no	no
GSE126139	2019	no	no
GSE126158	2019	no	no
GSE126159	2019	no	no
GSE126184	2019	no	no
GSE126205	2019	no	no
GSE126250	2019	no	no
GSE126261	2019	no	no
GSE126310	2019	no	no
GSE126321	2019	no	no
GSE126349	2019	no	no
GSE126388	2019	no	no
GSE126480	2019	no	no
GSE126488	2019	yes	object
GSE126497	2019	no	no
GSE126500	2019	no	no
GSE126539	2019	no	no
GSE126574	2019	no	no
GSE126579	2019	no	no
GSE126647	2019	no	no
GSE126657	2019	no	no
GSE126707	2019	no	no
GSE126714	2019	no	no
GSE126770	2019	no	no
GSE126780	2019	no	no
GSE126783	2019	no	no
GSE126815	2019	no	no
GSE126820	2019	no	no
GSE126834	2019	no	no
GSE126836	2019	no	no
GSE126891	2019	no	no
GSE126924	2019	no	no
GSE126954	2019	yes	meta
GSE126966	2019	no	no
GSE126967	2019	no	no
GSE126968	2019	no	no
GSE127005	2019	yes	meta
GSE127193	2019	no	no
GSE127202	2019	no	no
GSE127221	2019	yes	meta
GSE127235	2019	no	no
GSE127249	2019	no	no
GSE127266	2019	no	no
GSE127298	2019	no	no
GSE127465	2019	yes	meta
GSE127470	2019	no	no
GSE127471	2019	no	no
GSE127683	2019	no	no
GSE127724	2019	no	no
GSE127754	2019	no	no
GSE127774	2019	yes	object
GSE127794	2019	no	no
GSE127803	2019	no	no
GSE127813	2019	no	no
GSE127832	2019	no	no
GSE127888	2019	no	no
GSE127898	2019	no	no
GSE127918	2019	no	no
GSE127943	2019	no	no
GSE127963	2019	no	no
GSE127969	2019	no	no
GSE127975	2019	no	no
GSE127997	2019	no	no
GSE128003	2019	no	no
GSE128033	2019	no	no
GSE128040	2019	no	no
GSE128066	2019	no	no
GSE128074	2019	no	no
GSE128089	2019	no	no
GSE128147	2019	no	no
GSE128169	2019	no	no
GSE128175	2019	no	no
GSE128223	2019	no	no
GSE128241	2019	no	meta
GSE128243	2019	no	no
GSE128273	2019	no	no
GSE128276	2019	no	no
GSE128306	2019	no	no
GSE128331	2019	no	no
GSE128334	2019	no	no
GSE128357	2019	no	no
GSE128393	2019	no	no
GSE128416	2019	no	no
GSE128423	2019	no	no
GSE128464	2019	yes	meta
GSE128518	2019	yes	meta
GSE128525	2019	yes	object
GSE128531	2019	no	no
GSE128553	2019	no	no
GSE128565	2019	yes	object
GSE128639	2019	no	no
GSE128671	2019	no	no
GSE128691	2019	no	no
GSE128738	2019	no	no
GSE128743	2019	no	no
GSE128762	2019	no	no
GSE128790	2019	no	no
GSE128791	2019	no	no
GSE128793	2019	no	no
GSE128794	2019	no	no
GSE128818	2019	no	no
GSE128822	2019	no	no
GSE128855	2019	no	no
GSE128879	2019	no	no
GSE128890	2019	no	no
GSE128892	2019	no	no
GSE128908	2019	no	no
GSE128916	2019	no	no
GSE128933	2019	no	no
GSE128934	2019	no	no
GSE128944	2019	no	no
GSE128963	2019	no	no
GSE128971	2019	no	no
GSE128974	2019	no	no
GSE128982	2019	no	no
GSE128985	2019	no	no
GSE128987	2019	no	no
GSE128991	2019	no	meta
GSE128992	2019	no	no
GSE129007	2019	no	no
GSE129057	2019	no	no
GSE129064	2019	no	no
GSE129087	2019	no	no
GSE129096	2019	no	no
GSE129105	2019	no	no
GSE129106	2019	no	no
GSE129112	2019	no	no
GSE129114	2019	no	no
GSE129122	2019	no	no
GSE129125	2019	no	no
GSE129139	2019	no	no
GSE129150	2019	no	no
GSE129170	2019	no	no
GSE129175	2019	no	no
GSE129178	2019	no	no
GSE129213	2019	no	no
GSE129214	2019	yes	meta
GSE129218	2019	no	no
GSE129225	2019	no	no
GSE129256	2019	no	no
GSE129257	2019	no	no
GSE129299	2019	no	no
GSE129308	2019	no	no
GSE129371	2019	no	no
GSE129447	2019	no	no
GSE129451	2019	no	no
GSE129455	2019	no	no
GSE129516	2019	no	no
GSE129517	2019	no	no
GSE129519	2019	no	no
GSE129570	2019	no	no
GSE129578	2019	no	no
GSE129581	2019	yes	meta
GSE129583	2019	no	no
GSE129584	2019	no	no
GSE129605	2019	no	no
GSE129609	2019	no	no
GSE129611	2019	no	no
GSE129653	2019	no	no
GSE129662	2019	no	no
GSE129726	2019	no	no
GSE129730	2019	no	no
GSE129738	2019	no	no
GSE129740	2019	no	no
GSE129762	2019	no	no
GSE129763	2019	no	no
GSE129773	2019	no	no
GSE129774	2019	no	no
GSE129788	2019	yes	meta
GSE129798	2019	no	no
GSE129825	2019	no	no
GSE129826	2019	no	no
GSE129845	2019	no	no
GSE129857	2019	no	no
GSE129914	2019	yes	meta
GSE129921	2019	no	no
GSE129927	2019	no	no
GSE129933	2019	yes	meta
GSE129937	2019	no	no
GSE129981	2019	no	no
GSE129987	2019	no	no
GSE130000	2019	no	no
GSE130001	2019	no	no
GSE130008	2019	yes	meta
GSE130009	2019	yes	meta
GSE130025	2019	no	no
GSE130037	2019	no	no
GSE130045	2019	no	no
GSE130050	2019	no	no
GSE130065	2019	no	no
GSE130070	2019	no	no
GSE130075	2019	no	no
GSE130077	2019	no	no
GSE130105	2019	no	no
GSE130113	2019	no	no
GSE130114	2019	yes	meta
GSE130116	2019	no	no
GSE130117	2019	no	no
GSE130118	2019	no	no
GSE130146	2019	no	no
GSE130148	2019	yes	meta
GSE130151	2019	no	no
GSE130157	2019	no	no
GSE130180	2019	no	no
GSE130212	2019	no	no
GSE130228	2019	no	no
GSE130238	2019	no	no
GSE130287	2019	no	no
GSE130289	2019	no	no
GSE130298	2019	no	no
GSE130312	2019	yes	meta
GSE130318	2019	no	no
GSE130341	2019	no	no
GSE130346	2019	no	no
GSE130355	2019	no	no
GSE130430	2019	no	no
GSE130439	2019	no	no
GSE130453	2019	no	no
GSE130461	2019	no	no
GSE130473	2019	no	no
GSE130504	2019	no	no
GSE130515	2019	no	no
GSE130526	2019	yes	object
GSE130554	2019	no	no
GSE130566	2019	no	no
GSE130593	2019	no	no
GSE130597	2019	no	no
GSE130606	2019	no	no
GSE130609	2019	no	no
GSE130626	2019	no	no
GSE130636	2019	no	no
GSE130646	2019	no	no
GSE130649	2019	no	no
GSE130653	2019	yes	meta
GSE130664	2019	no	no
GSE130682	2019	yes	meta
GSE130708	2019	no	no
GSE130756	2019	no	no
GSE130772	2019	no	no
GSE130784	2019	no	no
GSE130785	2019	no	no
GSE130812	2019	no	no
GSE130822	2019	no	no
GSE130842	2019	no	no
GSE130850	2019	no	no
GSE130875	2019	no	meta
GSE130879	2019	no	no
GSE130880	2019	no	no
GSE130881	2019	no	no
GSE130888	2019	no	no
GSE130896	2019	no	no
GSE130919	2019	no	no
GSE130938	2019	no	no
GSE130950	2019	no	no
GSE130966	2019	no	no
GSE130973	2019	yes	object
GSE130977	2019	no	no
GSE131007	2019	no	no
GSE131038	2019	yes	object
GSE131059	2019	no	no
GSE131086	2019	no	no
GSE131094	2019	no	no
GSE131099	2019	no	no
GSE131134	2019	no	no
GSE131135	2019	yes	object
GSE131136	2019	yes	meta
GSE131155	2019	no	no
GSE131181	2019	yes	meta
GSE131183	2019	no	no
GSE131204	2019	yes	object
GSE131271	2019	no	no
GSE131272	2019	no	no
GSE131285	2019	no	no
GSE131305	2019	no	no
GSE131309	2019	yes	meta
GSE131339	2019	no	no
GSE131351	2019	yes	meta
GSE131365	2019	no	no
GSE131391	2019	no	no
GSE131409	2019	no	no
GSE131416	2019	no	no
GSE131434	2019	no	no
GSE131450	2019	no	no
GSE131498	2019	no	no
GSE131508	2019	no	no
GSE131535	2019	no	no
GSE131569	2019	no	no
GSE131593	2019	no	no
GSE131629	2019	no	no
GSE131630	2019	no	no
GSE131662	2019	no	no
GSE131668	2019	no	no
GSE131685	2019	no	no
GSE131696	2019	no	no
GSE131702	2019	no	no
GSE131714	2019	no	no
GSE131734	2019	no	no
GSE131736	2019	no	no
GSE131780	2019	no	no
GSE131800	2019	no	no
GSE131834	2019	yes	meta
GSE131841	2019	no	no
GSE131847	2019	no	no
GSE131882	2019	yes	object
GSE131886	2019	no	no
GSE131907	2019	yes	meta
GSE131909	2019	no	no
GSE131927	2019	no	no
GSE131928	2019	no	no
GSE131935	2019	no	no
GSE131957	2019	yes	meta
GSE131971	2019	no	no
GSE131983	2019	no	no
GSE131984	2019	yes	meta
GSE131987	2019	no	no
GSE131996	2019	no	no
GSE132023	2019	no	no
GSE132044	2019	no	no
GSE132045	2019	no	no
GSE132065	2019	no	no
GSE132067	2019	no	no
GSE132080	2019	yes	meta
GSE132105	2019	no	no
GSE132122	2019	no	no
GSE132133	2019	no	no
GSE132146	2019	no	no
GSE132149	2019	no	no
GSE132151	2019	no	no
GSE132164	2019	no	no
GSE132166	2019	yes	meta
GSE132172	2019	no	no
GSE132184	2019	no	no
GSE132188	2019	yes	object
GSE132199	2019	no	no
GSE132224	2019	no	no
GSE132229	2019	no	no
GSE132238	2019	no	no
GSE132255	2019	no	no
GSE132257	2019	yes	meta
GSE132272	2019	no	no
GSE132273	2019	no	no
GSE132274	2019	no	no
GSE132326	2019	no	no
GSE132329	2019	no	no
GSE132338	2019	yes	meta
GSE132355	2019	yes	object
GSE132357	2019	no	no
GSE132364	2019	yes	object
GSE132394	2019	no	no
GSE132396	2019	no	no
GSE132402	2019	no	no
GSE132438	2019	no	no
GSE132462	2019	no	no
GSE132465	2019	yes	meta
GSE132504	2019	no	no
GSE132507	2019	no	no
GSE132509	2019	no	no
GSE132525	2019	no	no
GSE132533	2019	no	no
GSE132573	2019	no	no
GSE132581	2019	no	no
GSE132582	2019	no	no
GSE132589	2019	no	no
GSE132642	2019	no	no
GSE132649	2019	no	no
GSE132658	2019	no	no
GSE132662	2019	no	no
GSE132672	2019	no	no
GSE132730	2019	yes	meta
GSE132745	2019	no	no
GSE132757	2019	no	no
GSE132758	2019	no	no
GSE132770	2019	no	no
GSE132771	2019	no	no
GSE132798	2019	no	no
GSE132802	2019	no	no
GSE132803	2019	no	no
GSE132815	2019	no	no
GSE132867	2019	no	no
GSE132880	2019	no	no
GSE132901	2019	no	no
GSE132904	2019	no	no
GSE132910	2019	no	no
GSE132914	2019	no	no
GSE132925	2019	no	no
GSE132943	2019	no	no
GSE132950	2019	no	no
GSE132959	2019	no	no
GSE132999	2019	no	no
GSE133015	2019	no	no
GSE133018	2019	no	no
GSE133022	2019	no	no
GSE133028	2019	no	no
GSE133054	2019	no	no
GSE133079	2019	no	no
GSE133083	2019	no	no
GSE133094	2019	no	no
GSE133161	2019	no	no
GSE133167	2019	no	no
GSE133181	2019	no	no
GSE133204	2019	no	no
GSE133230	2019	no	no
GSE133232	2019	no	no
GSE133233	2019	yes	meta
GSE133244	2019	yes	meta
GSE133329	2019	no	no
GSE133341	2019	yes	meta
GSE133344	2019	no	no
GSE133345	2019	yes	meta
GSE133371	2019	no	no
GSE133433	2019	no	no
GSE133449	2019	no	no
GSE133452	2019	no	no
GSE133466	2019	no	no
GSE133486	2019	yes	meta
GSE133512	2019	no	no
GSE133531	2019	yes	meta
GSE133549	2019	yes	meta
GSE133604	2019	no	no
GSE133640	2019	yes	meta
GSE133699	2019	no	no
GSE133706	2019	no	no
GSE133707	2019	no	no
GSE133743	2019	no	no
GSE133747	2019	no	no
GSE133773	2019	no	no
GSE133832	2019	no	no
GSE133856	2019	no	no
GSE133894	2019	no	no
GSE133912	2019	yes	meta
GSE133926	2019	no	no
GSE133948	2019	yes	meta
GSE133953	2019	no	no
GSE133992	2019	no	no
GSE133996	2019	no	no
GSE134004	2019	no	no
GSE134009	2019	no	no
GSE134049	2019	no	no
GSE134058	2019	no	no
GSE134134	2019	no	no
GSE134139	2019	no	no
GSE134144	2019	no	no
GSE134157	2019	no	no
GSE134163	2019	no	no
GSE134174	2019	yes	meta
GSE134179	2019	no	no
GSE134180	2019	no	no
GSE134181	2019	no	no
GSE134240	2019	no	no
GSE134242	2019	no	meta
GSE134260	2019	no	no
GSE134269	2019	no	no
GSE134273	2019	no	no
GSE134286	2019	no	no
GSE134288	2019	no	no
GSE134311	2019	no	no
GSE134331	2019	no	no
GSE134339	2019	no	no
GSE134350	2019	no	no
GSE134355	2019	no	no
GSE134365	2019	no	no
GSE134388	2019	no	no
GSE134419	2019	no	no
GSE134420	2019	no	no
GSE134432	2019	no	no
GSE134439	2019	yes	object
GSE134450	2019	no	no
GSE134479	2019	no	no
GSE134482	2019	no	no
GSE134483	2019	no	no
GSE134520	2019	no	no
GSE134523	2019	no	no
GSE134540	2019	no	no
GSE134555	2019	no	no
GSE134557	2019	no	no
GSE134570	2019	no	no
GSE134571	2019	yes	object
GSE134576	2019	no	no
GSE134577	2019	no	no
GSE134688	2019	no	no
GSE134690	2019	no	no
GSE134705	2019	yes	meta
GSE134706	2019	no	no
GSE134722	2019	no	no
GSE134726	2019	no	no
GSE134731	2019	no	no
GSE134738	2019	no	no
GSE134757	2019	yes	meta
GSE134758	2019	yes	meta
GSE134791	2019	no	no
GSE134809	2019	no	no
GSE134837	2019	no	no
GSE134881	2019	no	no
GSE134883	2019	yes	meta
GSE134902	2019	no	no
GSE134904	2019	no	no
GSE134912	2019	no	no
GSE134918	2019	no	no
GSE134997	2019	no	no
GSE135044	2019	no	no
GSE135060	2019	no	no
GSE135092	2019	no	no
GSE135096	2019	no	no
GSE135132	2019	no	no
GSE135133	2019	no	no
GSE135142	2019	no	no
GSE135143	2019	no	no
GSE135167	2019	no	no
GSE135185	2019	no	no
GSE135186	2019	no	no
GSE135194	2019	no	no
GSE135202	2019	no	no
GSE135240	2019	no	no
GSE135253	2019	no	no
GSE135289	2019	no	no
GSE135296	2019	yes	meta
GSE135300	2019	no	no
GSE135310	2019	no	no
GSE135325	2019	no	no
GSE135330	2019	no	no
GSE135356	2019	no	no
GSE135382	2019	yes	meta
GSE135394	2019	no	no
GSE135399	2019	no	no
GSE135406	2019	no	no
GSE135414	2019	no	no
GSE135429	2019	no	no
GSE135437	2019	no	no
GSE135461	2019	no	no
GSE135495	2019	no	no
GSE135497	2019	no	no
GSE135500	2019	no	no
GSE135507	2019	no	no
GSE135513	2019	no	no
GSE135520	2019	no	no
GSE135553	2019	no	no
GSE135564	2019	no	no
GSE135595	2019	yes	meta
GSE135618	2019	no	no
GSE135622	2019	no	no
GSE135663	2019	no	no
GSE135701	2019	no	no
GSE135703	2019	yes	meta
GSE135704	2019	no	no
GSE135710	2019	no	no
GSE135716	2019	no	no
GSE135737	2019	no	no
GSE135761	2019	no	no
GSE135769	2019	no	no
GSE135779	2019	no	no
GSE135780	2019	no	no
GSE135781	2019	no	no
GSE135801	2019	no	no
GSE135810	2019	no	no
GSE135814	2019	no	no
GSE135851	2019	no	no
GSE135893	2019	yes	meta
GSE135897	2019	no	no
GSE135922	2019	no	no
GSE135929	2019	no	no
GSE135985	2019	no	no
GSE135992	2019	no	no
GSE136001	2019	no	no
GSE136005	2019	no	no
GSE136028	2019	no	no
GSE136049	2019	yes	meta
GSE136088	2019	no	no
GSE136103	2019	no	no
GSE136109	2019	no	no
GSE136121	2019	no	no
GSE136125	2019	no	no
GSE136148	2019	no	no
GSE136154	2019	no	no
GSE136160	2019	no	no
GSE136162	2019	no	no
GSE136196	2019	no	no
GSE136206	2019	no	no
GSE136220	2019	no	no
GSE136225	2019	yes	meta
GSE136230	2019	yes	meta
GSE136239	2019	no	no
GSE136314	2019	no	no
GSE136341	2019	no	no
GSE136353	2019	no	no
GSE136376	2019	no	no
GSE136394	2019	no	no
GSE136441	2019	no	no
GSE136447	2019	no	no
GSE136455	2019	no	no
GSE136546	2019	no	no
GSE136580	2019	no	no
GSE136610	2019	no	no
GSE136611	2019	no	no
GSE136636	2019	no	no
GSE136641	2019	no	no
GSE136656	2019	yes	object
GSE136659	2019	no	no
GSE136679	2019	no	no
GSE136689	2019	yes	meta
GSE136718	2019	no	no
GSE136720	2019	no	no
GSE136723	2019	no	no
GSE136732	2019	no	no
GSE136747	2019	no	no
GSE136752	2019	no	no
GSE136795	2019	no	no
GSE136800	2019	no	no
GSE136802	2019	yes	meta
GSE136805	2019	yes	object
GSE136831	2019	yes	meta
GSE136867	2019	no	no
GSE136871	2019	no	no
GSE136874	2019	no	no
GSE136880	2019	yes	meta
GSE136900	2019	no	no
GSE136915	2019	no	no
GSE136954	2019	no	no
GSE136970	2019	no	no
GSE136973	2019	no	no
GSE136974	2019	no	no
GSE136979	2019	no	no
GSE137007	2019	no	no
GSE137010	2019	no	no
GSE137015	2019	no	no
GSE137026	2019	no	no
GSE137029	2019	no	no
GSE137073	2019	no	no
GSE137076	2019	no	no
GSE137082	2019	no	no
GSE137101	2019	yes	meta
GSE137116	2019	yes	meta
GSE137165	2019	yes	meta
GSE137167	2019	no	no
GSE137208	2019	no	no
GSE137236	2019	yes	meta
GSE137275	2019	yes	meta
GSE137299	2019	no	no
GSE137337	2019	no	no
GSE137349	2019	no	no
GSE137353	2019	no	no
GSE137391	2019	no	no
GSE137400	2019	no	no
GSE137462	2019	no	no
GSE137476	2019	no	no
GSE137478	2019	no	no
GSE137496	2019	no	no
GSE137512	2019	no	no
GSE137524	2019	no	no
GSE137525	2019	no	no
GSE137540	2019	yes	meta
GSE137545	2019	no	no
GSE137554	2019	yes	meta
GSE137572	2019	no	no
GSE137586	2019	no	no
GSE137597	2019	no	no
GSE137620	2019	no	no
GSE137659	2019	no	no
GSE137671	2019	no	no
GSE137672	2019	no	no
GSE137699	2019	no	no
GSE137710	2019	yes	meta
GSE137720	2019	no	no
GSE137749	2019	no	no
GSE137758	2019	no	no
GSE137759	2019	no	no
GSE137763	2019	no	no
GSE137770	2019	no	no
GSE137784	2019	no	no
GSE137786	2019	no	no
GSE137787	2019	no	no
GSE137791	2019	no	no
GSE137792	2019	no	no
GSE137793	2019	no	no
GSE137795	2019	no	no
GSE137799	2019	no	no
GSE137804	2019	yes	meta
GSE137805	2019	no	no
GSE137811	2019	no	no
GSE137818	2019	no	no
GSE137829	2019	no	no
GSE137847	2019	yes	meta
GSE137864	2019	no	no
GSE137869	2019	no	no
GSE137876	2019	no	no
GSE137877	2019	no	no
GSE137908	2019	no	no
GSE137909	2019	yes	meta
GSE137912	2019	yes	meta
GSE137927	2019	no	no
GSE137941	2019	no	no
GSE137950	2019	no	no
GSE137961	2019	no	no
GSE137971	2019	no	no
GSE137986	2019	no	no
GSE138002	2019	no	no
GSE138025	2019	no	no
GSE138027	2019	yes	meta
GSE138033	2019	no	no
GSE138121	2019	no	no
GSE138156	2019	no	no
GSE138181	2019	no	no
GSE138222	2019	yes	meta
GSE138227	2019	no	no
GSE138228	2019	no	no
GSE138243	2019	no	no
GSE138246	2019	no	no
GSE138266	2019	no	no
GSE138270	2019	no	no
GSE138302	2019	no	no
GSE138381	2019	no	no
GSE138474	2019	yes	object
GSE138504	2019	yes	object
GSE138515	2019	yes	meta
GSE138536	2019	yes	meta
GSE138544	2019	no	no
GSE138585	2019	no	no
GSE138626	2019	no	no
GSE138628	2019	no	no
GSE138629	2019	no	no
GSE138651	2019	no	no
GSE138665	2019	no	no
GSE138680	2019	no	no
GSE138693	2019	no	no
GSE138707	2019	no	no
GSE138709	2019	no	no
GSE138718	2019	no	no
GSE138748	2019	no	no
GSE138791	2019	no	no
GSE138794	2019	yes	meta
GSE138811	2019	yes	meta
GSE138826	2019	yes	object
GSE138832	2019	no	no
GSE138833	2019	no	no
GSE138835	2019	no	no
GSE138838	2019	no	no
GSE138852	2019	no	no
GSE138857	2019	no	no
GSE138867	2019	no	no
GSE138881	2019	no	no
GSE138891	2019	no	no
GSE138892	2019	no	no
GSE138902	2019	no	no
GSE138904	2019	no	no
GSE138941	2019	no	no
GSE138975	2019	no	no
GSE138979	2019	no	no
GSE139013	2019	no	no
GSE139034	2019	no	no
GSE139035	2019	no	no
GSE139042	2019	yes	meta
GSE139046	2019	no	no
GSE139065	2019	yes	object
GSE139079	2019	no	no
GSE139088	2019	no	no
GSE139103	2019	no	no
GSE139125	2019	yes	meta
GSE139161	2019	no	no
GSE139168	2019	no	no
GSE139181	2019	no	no
GSE139186	2019	no	no
GSE139193	2019	no	no
GSE139200	2019	yes	meta
GSE139218	2019	no	no
GSE139229	2019	no	no
GSE139231	2019	no	no
GSE139248	2019	no	no
GSE139249	2019	no	no
GSE139265	2019	no	no
GSE139275	2019	no	no
GSE139280	2019	no	no
GSE139318	2019	no	no
GSE139324	2019	no	no
GSE139328	2019	no	no
GSE139342	2019	no	no
GSE139382	2019	no	no
GSE139389	2019	no	no
GSE139412	2019	yes	object
GSE139448	2019	no	no
GSE139492	2019	no	no
GSE139495	2019	yes	meta
GSE139506	2019	no	no
GSE139512	2019	no	no
GSE139522	2019	no	no
GSE139535	2019	no	no
GSE139549	2019	no	no
GSE139550	2019	no	no
GSE139555	2019	yes	meta
GSE139558	2019	no	no
GSE139598	2019	yes	meta
GSE139600	2019	no	no
GSE139658	2019	no	no
GSE139659	2019	no	no
GSE139819	2019	no	no
GSE139827	2019	no	no
GSE139829	2019	no	no
GSE139842	2019	yes	meta
GSE139891	2019	no	no
GSE139914	2019	no	no
GSE139944	2019	yes	meta
GSE139999	2019	no	no
GSE140010	2019	no	no
GSE140021	2019	no	no
GSE140023	2019	yes	meta
GSE140026	2019	no	no
GSE140032	2019	no	no
GSE140061	2019	no	no
GSE140091	2019	no	no
GSE140123	2019	no	no
GSE140128	2019	no	no
GSE140130	2019	no	no
GSE140133	2019	yes	meta
GSE140151	2019	no	no
GSE140182	2019	no	no
GSE140203	2019	yes	meta
GSE140222	2019	no	no
GSE140228	2019	no	no
GSE140231	2019	no	no
GSE140262	2019	yes	meta
GSE140312	2019	no	no
GSE140348	2019	yes	meta
GSE140393	2019	no	no
GSE140405	2019	no	no
GSE140431	2019	yes	meta
GSE140440	2019	no	no
GSE140468	2019	yes	meta
GSE140493	2019	no	no
GSE140511	2019	no	no
GSE140512	2019	yes	meta
GSE140553	2019	no	no
GSE140628	2019	yes	object
GSE140793	2019	no	no
GSE140795	2019	no	no
GSE140802	2019	yes	meta
GSE140807	2019	no	no
GSE140811	2019	no	no
GSE140812	2019	no	no
GSE140816	2019	no	no
GSE140819	2019	yes	meta
GSE140822	2019	no	no
GSE140879	2019	no	no
GSE140881	2019	no	no
GSE140883	2019	no	no
GSE140890	2019	no	no
GSE140896	2019	no	no
GSE140946	2019	no	no
GSE140956	2019	no	no
GSE140968	2019	no	no
GSE140989	2019	no	no
GSE141017	2019	no	no
GSE141018	2019	no	no
GSE141026	2019	yes	object
GSE141030	2019	no	meta
GSE141031	2019	no	no
GSE141036	2019	no	no
GSE141038	2019	no	no
GSE141044	2019	no	no
GSE141105	2019	no	no
GSE141111	2019	yes	meta
GSE141115	2019	no	no
GSE141117	2019	yes	meta
GSE141141	2019	no	no
GSE141157	2019	no	no
GSE141173	2019	yes	meta
GSE141175	2019	no	no
GSE141183	2019	no	no
GSE141238	2019	no	no
GSE141259	2019	no	no
GSE141263	2019	no	no
GSE141275	2019	no	no
GSE141284	2019	no	no
GSE141299	2019	yes	meta
GSE141330	2019	yes	object
GSE141348	2019	no	no
GSE141383	2019	no	no
GSE141428	2019	no	no
GSE141445	2019	no	no
GSE141457	2019	no	no
GSE141460	2019	no	no
GSE141471	2019	no	no
GSE141472	2019	no	no
GSE141526	2019	no	no
GSE141532	2019	no	no
GSE141533	2019	no	no
GSE141552	2019	no	no
GSE141590	2019	no	no
GSE141634	2019	no	no
GSE141664	2019	no	no
GSE141665	2019	no	no
GSE141692	2019	no	no
GSE141701	2019	no	no
GSE141728	2019	no	no
GSE141730	2019	no	no
GSE141732	2019	no	no
GSE141776	2019	no	no
GSE141786	2019	yes	meta
GSE141807	2019	no	no
GSE141810	2019	no	no
GSE141811	2019	no	no
GSE141814	2019	no	no
GSE141832	2019	no	no
GSE141834	2019	no	no
GSE141851	2019	no	no
GSE141856	2019	no	no
GSE141862	2019	no	no
GSE141895	2019	no	no
GSE141896	2019	no	no
GSE141922	2019	no	no
GSE141928	2019	no	no
GSE141946	2019	yes	meta
GSE141982	2019	no	no
GSE142016	2019	no	no
GSE142047	2019	no	no
GSE142074	2019	no	no
GSE142078	2019	no	no
GSE142113	2019	no	no
GSE142116	2019	no	no
GSE142119	2019	no	no
GSE142143	2019	yes	meta
GSE142168	2019	yes	object
GSE142180	2019	no	no
GSE142184	2019	no	no
GSE142199	2019	no	no
GSE142200	2019	no	no
GSE142212	2019	no	no
GSE142213	2019	no	no
GSE142233	2019	no	no
GSE142235	2019	no	no
GSE142243	2019	no	no
GSE142244	2019	no	no
GSE142245	2019	yes	meta
GSE142267	2019	yes	meta
GSE142274	2019	no	no
GSE142277	2019	no	no
GSE142286	2019	no	no
GSE142341	2019	no	no
GSE142345	2019	no	no
GSE142347	2019	no	no
GSE142356	2019	no	no
GSE142392	2019	no	no
GSE142418	2019	no	no
GSE142420	2019	no	no
GSE142423	2019	no	no
GSE142425	2019	no	no
GSE142435	2019	no	no
GSE142449	2019	no	no
GSE142451	2019	no	no
GSE142471	2019	no	no
GSE142480	2019	no	no
GSE142483	2019	no	no
GSE142484	2019	no	no
GSE142489	2019	no	no
GSE142500	2019	no	no
GSE142515	2019	no	no
GSE142523	2019	no	no
GSE142526	2019	no	no
GSE142538	2019	no	no
GSE142541	2019	yes	meta
GSE142546	2019	no	no
GSE142564	2019	yes	meta
GSE142581	2019	no	no
GSE142585	2019	no	no
GSE142613	2019	no	no
GSE142637	2019	no	no
GSE142653	2019	no	no
GSE142655	2019	yes	object
GSE142694	2019	no	no
GSE142745	2019	no	no
GSE142750	2019	no	no
GSE142754	2019	no	no
GSE142768	2019	no	no
GSE142784	2019	no	no
GSE142787	2019	yes	object
GSE142788	2019	no	no
GSE142797	2019	no	no
GSE142838	2020	no	no
GSE142845	2020	no	no
GSE142853	2020	no	no
GSE142858	2020	no	no
GSE142873	2020	no	no
GSE142999	2020	no	no
GSE143002	2020	no	no
GSE143038	2020	no	no
GSE143140	2020	no	no
GSE143148	2020	no	no
GSE143158	2020	no	no
GSE143167	2020	no	no
GSE143190	2020	no	no
GSE143214	2020	no	no
GSE143221	2020	no	no
GSE143295	2020	no	no
GSE143317	2020	no	no
GSE143337	2020	no	no
GSE143353	2020	no	no
GSE143355	2020	no	no
GSE143356	2020	no	no
GSE143366	2020	no	no
GSE143380	2020	no	no
GSE143417	2020	no	no
GSE143423	2020	yes	meta
GSE143435	2020	yes	meta
GSE143437	2020	yes	meta
GSE143452	2020	no	no
GSE143453	2020	no	no
GSE143476	2020	yes	meta
GSE143492	2020	no	no
GSE143524	2020	no	no
GSE143526	2020	yes	object
GSE143545	2020	no	no
GSE143607	2020	yes	object
GSE143624	2020	no	no
GSE143636	2020	no	no
GSE143637	2020	no	no
GSE143663	2020	no	no
GSE143669	2020	no	no
GSE143685	2020	no	no
GSE143686	2020	no	no
GSE143704	2020	yes	meta
GSE143705	2020	no	no
GSE143706	2020	no	no
GSE143750	2020	no	no
GSE143753	2020	yes	object
GSE143758	2020	no	no
GSE143783	2020	no	no
GSE143796	2020	no	no
GSE143802	2020	no	no
GSE143806	2020	no	no
GSE143813	2020	no	no
GSE143817	2020	no	no
GSE143818	2020	no	no
GSE143868	2020	no	no
GSE143877	2020	no	no
GSE143880	2020	no	no
GSE143888	2020	no	no
GSE143913	2020	no	no
GSE143916	2020	no	no
GSE143920	2020	no	no
GSE143949	2020	no	no
GSE143960	2020	no	no
GSE143988	2020	no	no
GSE143997	2020	no	no
GSE144009	2020	no	no
GSE144024	2020	no	no
GSE144027	2020	no	no
GSE144038	2020	no	no
GSE144085	2020	no	no
GSE144097	2020	yes	meta
GSE144136	2020	no	meta
GSE144170	2020	no	no
GSE144172	2020	no	no
GSE144173	2020	no	no
GSE144174	2020	no	no
GSE144191	2020	yes	object
GSE144216	2020	yes	object
GSE144222	2020	no	no
GSE144240	2020	yes	meta
GSE144270	2020	no	no
GSE144271	2020	no	no
GSE144273	2020	no	no
GSE144299	2020	no	no
GSE144306	2020	no	no
GSE144317	2020	yes	meta
GSE144320	2020	yes	meta
GSE144351	2020	no	no
GSE144357	2020	yes	meta
GSE144384	2020	no	no
GSE144411	2020	no	no
GSE144420	2020	no	no
GSE144430	2020	no	no
GSE144434	2020	no	no
GSE144444	2020	no	no
GSE144468	2020	no	no
GSE144469	2020	yes	meta
GSE144471	2020	no	no
GSE144477	2020	no	no
GSE144481	2020	no	no
GSE144482	2020	yes	meta
GSE144494	2020	no	no
GSE144495	2020	no	no
GSE144507	2020	no	no
GSE144508	2020	yes	meta
GSE144528	2020	no	no
GSE144568	2020	yes	object
GSE144572	2020	no	no
GSE144635	2020	no	no
GSE144636	2020	no	no
GSE144637	2020	no	no
GSE144678	2020	no	no
GSE144705	2020	no	no
GSE144707	2020	no	no
GSE144720	2020	no	no
GSE144730	2020	no	no
GSE144734	2020	no	no
GSE144735	2020	yes	meta
GSE144744	2020	yes	meta
GSE144769	2020	no	no
GSE144820	2020	no	no
GSE144827	2020	no	no
GSE144870	2020	no	no
GSE144890	2020	no	no
GSE144897	2020	no	no
GSE144908	2020	no	no
GSE144944	2020	no	no
GSE144980	2020	no	no
GSE145013	2020	yes	meta
GSE145031	2020	no	no
GSE145036	2020	no	no
GSE145080	2020	no	no
GSE145086	2020	no	no
GSE145095	2020	yes	meta
GSE145107	2020	no	no
GSE145121	2020	no	no
GSE145122	2020	no	no
GSE145137	2020	yes	meta
GSE145139	2020	no	no
GSE145163	2020	no	no
GSE145170	2020	no	no
GSE145172	2020	yes	meta
GSE145197	2020	no	no
GSE145228	2020	no	no
GSE145229	2020	no	no
GSE145230	2020	no	no
GSE145236	2020	no	no
GSE145241	2020	yes	object
GSE145242	2020	no	no
GSE145243	2020	no	no
GSE145247	2020	no	no
GSE145251	2020	no	no
GSE145266	2020	no	no
GSE145267	2020	no	no
GSE145273	2020	no	no
GSE145279	2020	no	no
GSE145281	2020	no	no
GSE145283	2020	no	no
GSE145286	2020	no	no
GSE145298	2020	no	no
GSE145299	2020	no	no
GSE145306	2020	no	no
GSE145307	2020	no	no
GSE145326	2020	no	no
GSE145328	2020	yes	meta
GSE145347	2020	no	no
GSE145360	2020	yes	meta
GSE145363	2020	no	no
GSE145370	2020	yes	meta
GSE145410	2020	no	no
GSE145434	2020	no	no
GSE145435	2020	no	no
GSE145443	2020	yes	meta
GSE145477	2020	no	no
GSE145502	2020	no	no
GSE145518	2020	no	no
GSE145539	2020	no	no
GSE145556	2020	no	no
GSE145609	2020	yes	object
GSE145619	2020	no	no
GSE145633	2020	no	no
GSE145638	2020	no	no
GSE145690	2020	no	no
GSE145700	2020	no	no
GSE145708	2020	no	no
GSE145727	2020	no	no
GSE145765	2020	yes	object
GSE145800	2020	yes	object
GSE145801	2020	no	no
GSE145809	2020	no	no
GSE145815	2020	yes	meta
GSE145830	2020	no	no
GSE145832	2020	yes	meta
GSE145866	2020	no	no
GSE145886	2020	yes	object
GSE145894	2020	no	meta
GSE145896	2020	no	no
GSE145922	2020	yes	meta
GSE145926	2020	yes	meta
GSE145927	2020	yes	meta
GSE145928	2020	no	no
GSE145929	2020	no	no
GSE145934	2020	no	no
GSE145973	2020	no	no
GSE145998	2020	no	no
GSE146002	2020	no	no
GSE146007	2020	no	no
GSE146020	2020	no	no
GSE146026	2020	no	no
GSE146035	2020	no	no
GSE146040	2020	yes	object
GSE146043	2020	no	no
GSE146099	2020	yes	object
GSE146113	2020	no	no
GSE146115	2020	no	no
GSE146118	2020	no	no
GSE146122	2020	yes	meta
GSE146123	2020	no	no
GSE146137	2020	no	no
GSE146138	2020	yes	object
GSE146165	2020	no	no
GSE146172	2020	yes	meta
GSE146186	2020	no	no
GSE146187	2020	no	no
GSE146194	2020	no	no
GSE146216	2020	no	no
GSE146221	2020	no	no
GSE146233	2020	no	no
GSE146238	2020	no	no
GSE146244	2020	no	no
GSE146264	2020	no	no
GSE146285	2020	no	no
GSE146292	2020	no	no
GSE146310	2020	no	no
GSE146311	2020	no	no
GSE146312	2020	no	no
GSE146313	2020	no	no
GSE146314	2020	no	no
GSE146315	2020	no	no
GSE146373	2020	no	no
GSE146395	2020	no	no
GSE146409	2020	no	no
GSE146437	2020	no	no
GSE146456	2020	no	no
GSE146510	2020	no	no
GSE146596	2020	yes	meta
GSE146609	2020	no	no
GSE146613	2020	yes	meta
GSE146619	2020	no	no
GSE146626	2020	no	no
GSE146637	2020	yes	object
GSE146639	2020	no	no
GSE146672	2020	no	no
GSE146681	2020	no	no
GSE146682	2020	no	no
GSE146684	2020	yes	meta
GSE146692	2020	no	no
GSE146712	2020	no	no
GSE146731	2020	no	no
GSE146737	2020	yes	object
GSE146740	2020	yes	object
GSE146741	2020	no	no
GSE146755	2020	no	no
GSE146759	2020	yes	meta
GSE146763	2020	no	no
GSE146771	2020	yes	meta
GSE146773	2020	no	no
GSE146783	2020	no	no
GSE146799	2020	no	no
GSE146811	2020	no	no
GSE146837	2020	yes	meta
GSE146855	2020	no	no
GSE146861	2020	no	no
GSE146912	2020	no	no
GSE146923	2020	no	no
GSE146926	2020	no	no
GSE146972	2020	no	no
GSE146974	2020	no	no
GSE146981	2020	no	no
GSE146983	2020	no	no
GSE146988	2020	no	no
GSE146990	2020	no	no
GSE147021	2020	no	no
GSE147031	2020	no	no
GSE147047	2020	no	no
GSE147066	2020	yes	meta
GSE147075	2020	no	no
GSE147080	2020	no	no
GSE147081	2020	no	no
GSE147092	2020	yes	meta
GSE147100	2020	no	no
GSE147108	2020	no	no
GSE147110	2020	no	no
GSE147117	2020	no	no
GSE147127	2020	no	no
GSE147135	2020	no	no
GSE147143	2020	yes	object
GSE147150	2020	no	no
GSE147174	2020	no	no
GSE147182	2020	yes	meta
GSE147191	2020	yes	meta
GSE147203	2020	yes	meta
GSE147206	2020	no	no
GSE147259	2020	yes	meta
GSE147263	2020	no	no
GSE147285	2020	no	no
GSE147287	2020	no	no
GSE147295	2020	no	no
GSE147298	2020	no	no
GSE147322	2020	no	no
GSE147326	2020	no	no
GSE147327	2020	no	no
GSE147349	2020	no	no
GSE147355	2020	no	no
GSE147356	2020	no	no
GSE147358	2020	no	no
GSE147360	2020	no	no
GSE147386	2020	no	no
GSE147394	2020	no	no
GSE147395	2020	no	no
GSE147397	2020	no	no
GSE147405	2020	yes	meta
GSE147415	2020	no	no
GSE147424	2020	no	no
GSE147457	2020	no	no
GSE147487	2020	yes	meta
GSE147495	2020	no	no
GSE147520	2020	no	no
GSE147525	2020	no	no
GSE147559	2020	no	no
GSE147564	2020	no	no
GSE147573	2020	no	no
GSE147581	2020	no	no
GSE147621	2020	no	no
GSE147668	2020	yes	meta
GSE147688	2020	no	no
GSE147693	2020	yes	meta
GSE147694	2020	no	no
GSE147722	2020	no	no
GSE147729	2020	no	no
GSE147744	2020	no	no
GSE147794	2020	yes	meta
GSE147795	2020	no	no
GSE147807	2020	yes	meta
GSE147821	2020	no	no
GSE147822	2020	no	no
GSE147863	2020	no	no
GSE147883	2020	yes	meta
GSE147893	2020	no	no
GSE147903	2020	no	no
GSE147913	2020	no	no
GSE147928	2020	yes	object
GSE147944	2020	no	no
GSE147975	2020	no	no
GSE147987	2020	no	no
GSE147989	2020	no	no
GSE148020	2020	no	no
GSE148040	2020	no	no
GSE148063	2020	no	no
GSE148071	2020	no	no
GSE148077	2020	no	no
GSE148115	2020	no	no
GSE148127	2020	yes	meta
GSE148162	2020	no	no
GSE148189	2020	no	no
GSE148190	2020	yes	meta
GSE148192	2020	yes	meta
GSE148209	2020	yes	meta
GSE148212	2020	no	no
GSE148215	2020	no	no
GSE148218	2020	yes	meta
GSE148237	2020	no	no
GSE148283	2020	no	no
GSE148316	2020	yes	meta
GSE148339	2020	yes	object
GSE148345	2020	no	no
GSE148360	2020	no	no
GSE148366	2020	no	no
GSE148367	2020	no	no
GSE148371	2020	no	no
GSE148373	2020	no	no
GSE148374	2020	no	no
GSE148405	2020	no	no
GSE148416	2020	no	no
GSE148465	2020	no	no
GSE148477	2020	no	no
GSE148480	2020	yes	meta
GSE148499	2020	no	no
GSE148505	2020	no	no
GSE148507	2020	yes	meta
GSE148519	2020	no	no
GSE148591	2020	no	no
GSE148633	2020	no	no
GSE148660	2020	no	no
GSE148665	2020	no	no
GSE148666	2020	no	no
GSE148673	2020	yes	meta
GSE148729	2020	yes	meta
GSE148791	2020	yes	object
GSE148796	2020	no	no
GSE148805	2020	no	no
GSE148820	2020	no	no
GSE148822	2020	no	no
GSE148826	2020	no	no
GSE148829	2020	no	no
GSE148837	2020	yes	meta
GSE148842	2020	no	no
GSE148856	2020	no	no
GSE148859	2020	yes	object
GSE148866	2020	yes	meta
GSE148882	2020	no	no
GSE148902	2020	no	no
GSE148942	2020	no	no
GSE148946	2020	yes	meta
GSE148963	2020	no	no
GSE148981	2020	no	no
GSE148996	2020	no	no
GSE149030	2020	no	no
GSE149036	2020	no	no
GSE149040	2020	no	no
GSE149067	2020	no	no
GSE149068	2020	no	no
GSE149069	2020	no	no
GSE149099	2020	no	no
GSE149100	2020	no	no
GSE149121	2020	no	no
GSE149133	2020	no	no
GSE149134	2020	no	no
GSE149136	2020	no	no
GSE149175	2020	no	no
GSE149178	2020	no	no
GSE149179	2020	no	no
GSE149201	2020	no	no
GSE149207	2020	no	no
GSE149209	2020	no	no
GSE149221	2020	yes	object
GSE149224	2020	yes	meta
GSE149247	2020	no	no
GSE149271	2020	no	no
GSE149280	2020	no	no
GSE149298	2020	yes	meta
GSE149313	2020	no	no
GSE149335	2020	no	no
GSE149356	2020	yes	object
GSE149368	2020	yes	meta
GSE149372	2020	yes	meta
GSE149383	2020	no	no
GSE149443	2020	yes	meta
GSE149451	2020	no	no
GSE149452	2020	no	no
GSE149457	2020	no	no
GSE149512	2020	no	no
GSE149524	2020	yes	object
GSE149527	2020	no	no
GSE149535	2020	no	no
GSE149544	2020	yes	meta
GSE149564	2020	no	no
GSE149569	2020	no	no
GSE149583	2020	yes	meta
GSE149590	2020	yes	meta
GSE149613	2020	no	no
GSE149614	2020	no	no
GSE149617	2020	no	no
GSE149622	2020	yes	meta
GSE149629	2020	no	no
GSE149633	2020	no	no
GSE149636	2020	yes	meta
GSE149652	2020	no	no
GSE149655	2020	no	no
GSE149689	2020	no	no
GSE149715	2020	no	no
GSE149727	2020	no	no
GSE149728	2020	no	no
GSE149758	2020	yes	meta
GSE149777	2020	no	no
GSE149813	2020	no	no
GSE149878	2020	no	no
GSE149897	2020	no	no
GSE149907	2020	no	no
GSE149909	2020	no	no
GSE149931	2020	no	no
GSE149938	2020	no	no
GSE149965	2020	no	no
GSE149974	2020	no	no
GSE149975	2020	no	no
GSE150004	2020	no	no
GSE150020	2020	no	no
GSE150021	2020	no	no
GSE150025	2020	no	no
GSE150027	2020	no	no
GSE150050	2020	yes	meta
GSE150065	2020	no	no
GSE150083	2020	no	no
GSE150115	2020	no	no
GSE150132	2020	no	no
GSE150150	2020	yes	object
GSE150153	2020	yes	meta
GSE150166	2020	no	no
GSE150169	2020	no	no
GSE150176	2020	no	no
GSE150178	2020	no	no
GSE150199	2020	no	no
GSE150202	2020	no	no
GSE150219	2020	yes	meta
GSE150226	2020	no	no
GSE150233	2020	no	no
GSE150234	2020	no	no
GSE150235	2020	no	no
GSE150241	2020	no	no
GSE150259	2020	yes	meta
GSE150263	2020	no	no
GSE150284	2020	no	no
GSE150291	2020	no	no
GSE150294	2020	no	no
GSE150305	2020	no	no
GSE150311	2020	no	no
GSE150321	2020	no	no
GSE150327	2020	no	no
GSE150338	2020	yes	object
GSE150344	2020	no	no
GSE150358	2020	yes	meta
GSE150361	2020	no	no
GSE150369	2020	no	no
GSE150383	2020	no	no
GSE150387	2020	no	no
GSE150420	2020	no	no
GSE150425	2020	no	no
GSE150430	2020	no	no
GSE150486	2020	yes	meta
GSE150551	2020	no	no
GSE150556	2020	no	no
GSE150568	2020	no	no
GSE150570	2020	no	no
GSE150579	2020	yes	object
GSE150580	2020	yes	meta
GSE150637	2020	no	no
GSE150644	2020	no	no
GSE150660	2020	yes	object
GSE150672	2020	no	no
GSE150687	2020	no	no
GSE150692	2020	no	no
GSE150703	2020	no	no
GSE150713	2020	no	no
GSE150728	2020	yes	object
GSE150741	2020	no	no
GSE150751	2020	no	no
GSE150752	2020	no	no
GSE150766	2020	no	no
GSE150768	2020	yes	meta
GSE150774	2020	no	no
GSE150792	2020	no	no
GSE150825	2020	yes	meta
GSE150839	2020	no	no
GSE150861	2020	no	no
GSE150864	2020	no	no
GSE150871	2020	no	no
GSE150877	2020	yes	meta
GSE150921	2020	no	no
GSE150923	2020	no	no
GSE150930	2020	no	no
GSE150949	2020	no	no
GSE150952	2020	no	no
GSE150989	2020	no	no
GSE150991	2020	yes	meta
GSE150992	2020	no	no
GSE150995	2020	no	no
GSE151006	2020	no	no
GSE151007	2020	no	no
GSE151009	2020	no	no
GSE151074	2020	no	no
GSE151087	2020	no	no
GSE151089	2020	no	no
GSE151091	2020	no	no
GSE151117	2020	no	no
GSE151137	2020	no	no
GSE151151	2020	no	no
GSE151152	2020	no	no
GSE151161	2020	no	no
GSE151167	2020	no	no
GSE151186	2020	no	no
GSE151202	2020	no	no
GSE151212	2020	no	no
GSE151231	2020	yes	object
GSE151248	2020	yes	meta
GSE151257	2020	no	no
GSE151263	2020	yes	object
GSE151302	2020	no	no
GSE151309	2020	no	no
GSE151310	2020	no	no
GSE151334	2020	no	no
GSE151346	2020	yes	meta
GSE151354	2020	no	no
GSE151375	2020	no	no
GSE151381	2020	no	no
GSE151409	2020	no	no
GSE151421	2020	yes	object
GSE151511	2020	no	no
GSE151530	2020	no	no
GSE151564	2020	no	no
GSE151592	2020	no	no
GSE151611	2020	no	no
GSE151630	2020	no	no
GSE151658	2020	yes	object
GSE151669	2020	no	no
GSE151674	2020	yes	meta
GSE151682	2020	no	no
GSE151709	2020	no	no
GSE151710	2020	yes	meta
GSE151723	2020	no	no
GSE151811	2020	no	no
GSE151824	2020	no	no
GSE151825	2020	no	no
GSE151831	2020	no	no
GSE151877	2020	no	no
GSE151878	2020	no	no
GSE151889	2020	no	no
GSE151902	2020	yes	meta
GSE151921	2020	no	no
GSE151928	2020	no	no
GSE151940	2020	yes	meta
GSE151944	2020	yes	meta
GSE151958	2020	no	no
GSE151961	2020	no	no
GSE151973	2020	yes	object
GSE151974	2020	yes	meta
GSE151985	2020	yes	object
GSE152009	2020	no	no
GSE152014	2020	no	no
GSE152018	2020	no	no
GSE152022	2020	yes	meta
GSE152048	2020	no	no
GSE152058	2020	yes	meta
GSE152125	2020	no	no
GSE152145	2020	no	no
GSE152184	2020	no	no
GSE152197	2020	no	no
GSE152198	2020	no	no
GSE152222	2020	no	no
GSE152237	2020	no	no
GSE152238	2020	no	no
GSE152246	2020	no	no
GSE152248	2020	no	no
GSE152281	2020	no	no
GSE152282	2020	no	no
GSE152315	2020	no	no
GSE152318	2020	no	no
GSE152325	2020	yes	object
GSE152369	2020	no	no
GSE152370	2020	no	no
GSE152379	2020	no	no
GSE152387	2020	yes	meta
GSE152467	2020	no	no
GSE152469	2020	no	no
GSE152495	2020	no	no
GSE152522	2020	yes	meta
GSE152551	2020	no	no
GSE152555	2020	no	no
GSE152573	2020	no	no
GSE152574	2020	no	no
GSE152583	2020	no	no
GSE152587	2020	no	no
GSE152632	2020	no	no
GSE152674	2020	no	no
GSE152685	2020	no	no
GSE152707	2020	no	no
GSE152715	2020	no	no
GSE152716	2020	no	no
GSE152730	2020	no	no
GSE152731	2020	no	no
GSE152745	2020	no	no
GSE152765	2020	no	no
GSE152766	2020	yes	object
GSE152786	2020	no	no
GSE152805	2020	no	no
GSE152806	2020	no	no
GSE152815	2020	no	no
GSE152841	2020	no	no
GSE152842	2020	no	no
GSE152859	2020	no	no
GSE152866	2020	no	no
GSE152867	2020	no	no
GSE152888	2020	no	no
GSE152906	2020	no	no
GSE152915	2020	no	no
GSE152928	2020	no	no
GSE152930	2020	no	no
GSE152939	2020	no	no
GSE152946	2020	no	no
GSE152962	2020	yes	meta
GSE152981	2020	no	no
GSE152982	2020	no	no
GSE152988	2020	no	no
GSE152989	2020	yes	object
GSE153032	2020	no	no
GSE153045	2020	no	no
GSE153099	2020	no	no
GSE153117	2020	no	no
GSE153197	2020	no	no
GSE153274	2020	no	no
GSE153277	2020	no	no
GSE153319	2020	no	no
GSE153339	2020	no	no
GSE153358	2020	yes	meta
GSE153370	2020	yes	meta
GSE153421	2020	no	no
GSE153422	2020	no	no
GSE153424	2020	no	no
GSE153435	2020	no	no
GSE153463	2020	no	no
GSE153481	2020	no	no
GSE153487	2020	no	no
GSE153515	2020	no	no
GSE153534	2020	no	no
GSE153541	2020	yes	meta
GSE153549	2020	yes	meta
GSE153559	2020	no	no
GSE153568	2020	no	no
GSE153569	2020	no	no
GSE153596	2020	yes	object
GSE153599	2020	no	no
GSE153615	2020	no	no
GSE153627	2020	no	no
GSE153632	2020	no	no
GSE153647	2020	no	no
GSE153665	2020	no	no
GSE153674	2020	no	no
GSE153676	2020	yes	meta
GSE153697	2020	yes	meta
GSE153701	2020	no	no
GSE153737	2020	no	no
GSE153760	2020	no	no
GSE153765	2020	yes	meta
GSE153771	2020	no	no
GSE153802	2020	no	no
GSE153807	2020	no	no
GSE153818	2020	no	no
GSE153819	2020	no	no
GSE153824	2020	no	no
GSE153889	2020	no	no
GSE153895	2020	no	no
GSE153916	2020	yes	meta
GSE153929	2020	no	no
GSE153931	2020	yes	meta
GSE153935	2020	no	no
GSE153958	2020	no	no
GSE154000	2020	yes	object
GSE154014	2020	no	no
GSE154037	2020	yes	meta
GSE154047	2020	no	no
GSE154048	2020	yes	meta
GSE154049	2020	no	no
GSE154102	2020	no	no
GSE154107	2020	no	no
GSE154109	2020	no	no
GSE154126	2020	no	no
GSE154136	2020	no	no
GSE154159	2020	no	no
GSE154160	2020	no	no
GSE154196	2020	no	no
GSE154203	2020	no	no
GSE154259	2020	no	no
GSE154278	2020	no	no
GSE154304	2020	no	no
GSE154356	2020	no	no
GSE154358	2020	no	no
GSE154359	2020	no	no
GSE154370	2020	no	no
GSE154375	2020	no	no
GSE154385	2020	no	no
GSE154386	2020	no	no
GSE154400	2020	no	no
GSE154406	2020	yes	object
GSE154515	2020	no	no
GSE154543	2020	no	no
GSE154557	2020	no	no
GSE154564	2020	no	no
GSE154567	2020	yes	meta
GSE154572	2020	yes	meta
GSE154579	2020	no	no
GSE154600	2020	no	no
GSE154654	2020	no	no
GSE154659	2020	yes	object
GSE154679	2020	no	no
GSE154692	2020	yes	meta
GSE154759	2020	yes	object
GSE154763	2020	yes	meta
GSE154772	2020	no	no
GSE154775	2020	no	no
GSE154776	2020	no	no
GSE154778	2020	no	no
GSE154817	2020	no	no
GSE154826	2020	yes	meta
GSE154854	2020	no	no
GSE154863	2020	no	no
GSE154868	2020	no	meta
GSE154869	2020	yes	meta
GSE154870	2020	no	meta
GSE154874	2020	no	no
GSE154879	2020	no	no
GSE154900	2020	no	no
GSE154906	2020	no	no
GSE154910	2020	no	no
GSE154930	2020	no	no
GSE154932	2020	yes	object
GSE154969	2020	no	no
GSE154973	2020	no	no
GSE154977	2020	yes	meta
GSE154978	2020	yes	meta
GSE154989	2020	yes	meta
GSE155006	2020	no	no
GSE155012	2020	no	no
GSE155079	2020	no	no
GSE155081	2020	no	no
GSE155088	2020	no	no
GSE155113	2020	no	no
GSE155136	2020	no	no
GSE155182	2020	yes	object
GSE155204	2020	no	no
GSE155212	2020	no	no
GSE155226	2020	no	no
GSE155249	2020	yes	meta
GSE155261	2020	yes	meta
GSE155275	2020	no	no
GSE155304	2020	no	no
GSE155329	2020	no	no
GSE155340	2020	no	no
GSE155427	2020	yes	object
GSE155434	2020	no	no
GSE155436	2020	no	no
GSE155468	2020	no	no
GSE155488	2020	no	no
GSE155499	2020	no	no
GSE155506	2020	no	no
GSE155514	2020	no	no
GSE155536	2020	no	no
GSE155569	2020	no	no
GSE155602	2020	no	no
GSE155619	2020	yes	meta
GSE155622	2020	yes	meta
GSE155669	2020	no	no
GSE155673	2020	no	no
GSE155698	2020	no	no
GSE155699	2020	no	no
GSE155788	2020	no	no
GSE155794	2020	no	no
GSE155802	2020	no	no
GSE155850	2020	no	no
GSE155880	2020	no	no
GSE155928	2020	no	no
GSE155966	2020	no	no
GSE155988	2020	yes	meta
GSE156031	2020	no	no
GSE156043	2020	no	no
GSE156052	2020	no	no
GSE156057	2020	no	no
GSE156070	2020	no	no
GSE156135	2020	no	no
GSE156136	2020	no	no
GSE156138	2020	no	no
GSE156150	2020	no	no
GSE156154	2020	no	no
GSE156170	2020	no	no
GSE156180	2020	no	no
GSE156183	2020	yes	meta
GSE156201	2020	no	no
GSE156210	2020	no	no
GSE156214	2020	no	no
GSE156234	2020	no	no
GSE156245	2020	yes	object
GSE156259	2020	no	no
GSE156262	2020	no	no
GSE156285	2020	no	no
GSE156338	2020	no	no
GSE156340	2020	no	no
GSE156341	2020	no	no
GSE156410	2020	no	no
GSE156438	2020	no	no
GSE156455	2020	yes	meta
GSE156467	2020	no	no
GSE156473	2020	no	no
GSE156498	2020	no	no
GSE156505	2020	no	no
GSE156588	2020	no	no
GSE156596	2020	no	no
GSE156625	2020	no	no
GSE156628	2020	yes	object
GSE156633	2020	no	no
GSE156644	2020	no	no
GSE156663	2020	no	no
GSE156686	2020	no	no
GSE156689	2020	no	no
GSE156700	2020	no	no
GSE156725	2020	no	no
GSE156734	2020	no	no
GSE156745	2020	yes	meta
GSE156752	2020	no	no
GSE156755	2020	no	no
GSE156776	2020	no	no
GSE156790	2020	no	no
GSE156793	2020	yes	meta
GSE156841	2020	no	no
GSE156851	2020	no	no
GSE156905	2020	no	no
GSE156972	2020	yes	meta
GSE156988	2020	no	no
GSE157019	2020	no	no
GSE157068	2020	yes	object
GSE157072	2020	no	no
GSE157079	2020	yes	meta
GSE157100	2020	no	no
GSE157119	2020	no	no
GSE157144	2020	no	no
GSE157157	2020	no	no
GSE157202	2020	yes	meta
GSE157204	2020	no	no
GSE157220	2020	no	no
GSE157244	2020	no	no
GSE157277	2020	no	no
GSE157278	2020	no	no
GSE157280	2020	no	no
GSE157281	2020	no	no
GSE157292	2020	no	no
GSE157299	2020	no	no
GSE157344	2020	no	no
GSE157362	2020	no	no
GSE157382	2020	no	no
GSE157410	2020	no	no
GSE157424	2020	yes	meta
GSE157453	2020	yes	meta
GSE157477	2020	no	no
GSE157480	2020	no	no
GSE157501	2020	yes	object
GSE157504	2020	no	no
GSE157507	2020	no	no
GSE157518	2020	no	no
GSE157525	2020	no	no
GSE157526	2020	no	no
GSE157542	2020	no	no
GSE157580	2020	no	no
GSE157591	2020	no	no
GSE157600	2020	no	no
GSE157624	2020	no	no
GSE157640	2020	no	no
GSE157641	2020	no	no
GSE157653	2020	no	no
GSE157679	2020	no	no
GSE157697	2020	no	no
GSE157703	2020	no	no
GSE157740	2020	no	no
GSE157742	2020	no	no
GSE157743	2020	no	no
GSE157744	2020	no	no
GSE157770	2020	no	no
GSE157771	2020	no	no
GSE157773	2020	no	no
GSE157781	2020	no	no
GSE157782	2020	no	no
GSE157783	2020	no	no
GSE157815	2020	no	no
GSE157816	2020	no	no
GSE157827	2020	no	no
GSE157829	2020	no	no
GSE157860	2020	no	no
GSE157890	2020	no	no
GSE157962	2020	no	no
GSE157963	2020	no	no
GSE157966	2020	no	no
GSE157977	2020	no	no
GSE157983	2020	yes	meta
GSE157990	2020	no	no
GSE158004	2020	no	no
GSE158016	2020	no	no
GSE158030	2020	yes	meta
GSE158034	2020	yes	meta
GSE158036	2020	yes	meta
GSE158037	2020	yes	meta
GSE158050	2020	no	no
GSE158055	2020	yes	meta
GSE158109	2020	yes	meta
GSE158127	2020	yes	meta
GSE158130	2020	yes	object
GSE158140	2020	no	no
GSE158142	2020	yes	object
GSE158153	2020	no	no
GSE158175	2020	no	no
GSE158234	2020	no	no
GSE158240	2020	yes	meta
GSE158241	2020	no	no
GSE158257	2020	yes	meta
GSE158275	2020	no	no
GSE158278	2020	yes	meta
GSE158291	2020	no	no
GSE158304	2020	no	no
GSE158349	2020	no	no
GSE158358	2020	no	no
GSE158378	2020	no	no
GSE158380	2020	no	no
GSE158390	2020	no	no
GSE158432	2020	no	no
GSE158449	2020	yes	object
GSE158450	2020	no	no
GSE158454	2020	no	no
GSE158457	2020	no	no
GSE158459	2020	yes	meta
GSE158493	2020	no	no
GSE158501	2020	no	no
GSE158512	2020	no	no
GSE158582	2020	yes	meta
GSE158631	2020	no	no
GSE158691	2020	yes	object
GSE158700	2020	no	no
GSE158704	2020	no	no
GSE158722	2020	no	no
GSE158724	2020	no	no
GSE158733	2020	no	no
GSE158761	2020	yes	object
GSE158803	2020	yes	meta
GSE158808	2020	no	no
GSE158820	2020	no	no
GSE158827	2020	no	no
GSE158840	2020	no	no
GSE158841	2020	no	no
GSE158844	2020	yes	object
GSE158849	2020	no	no
GSE158855	2020	no	no
GSE158859	2020	yes	meta
GSE158874	2020	no	no
GSE158880	2020	no	no
GSE158886	2020	no	no
GSE158896	2020	yes	meta
GSE158923	2020	no	no
GSE158924	2020	no	no
GSE158937	2020	no	no
GSE158960	2020	no	no
GSE158967	2020	no	no
GSE158989	2020	no	no
GSE158999	2020	yes	meta
GSE159013	2020	no	no
GSE159030	2020	no	no
GSE159065	2020	no	no
GSE159074	2020	no	no
GSE159107	2020	no	no
GSE159113	2020	no	no
GSE159117	2020	no	no
GSE159156	2020	no	no
GSE159161	2020	no	no
GSE159196	2020	no	no
GSE159212	2020	no	no
GSE159252	2020	yes	object
GSE159316	2020	no	no
GSE159342	2020	no	no
GSE159344	2020	no	no
GSE159345	2020	no	no
GSE159354	2020	no	no
GSE159423	2020	no	no
GSE159452	2020	no	no
GSE159491	2020	yes	meta
GSE159500	2020	yes	meta
GSE159542	2020	no	no
GSE159564	2020	no	no
GSE159575	2020	no	no
GSE159576	2020	no	no
GSE159593	2020	no	no
GSE159597	2020	no	no
GSE159599	2020	no	no
GSE159624	2020	no	no
GSE159638	2020	yes	meta
GSE159674	2020	no	no
GSE159677	2020	no	no
GSE159745	2020	yes	meta
GSE159759	2020	yes	meta
GSE159763	2020	no	no
GSE159768	2020	no	no
GSE159784	2020	no	no
GSE159805	2020	no	no
GSE159812	2020	no	no
GSE159913	2020	no	no
GSE159929	2020	yes	meta
GSE159938	2020	no	no
GSE159966	2020	no	no
GSE160009	2020	no	no
GSE160038	2020	no	no
GSE160048	2020	no	no
GSE160053	2020	no	no
GSE160054	2020	no	no
GSE160061	2020	yes	object
GSE160062	2020	no	no
GSE160090	2020	no	no
GSE160097	2020	yes	meta
GSE160098	2020	yes	object
GSE160136	2020	no	no
GSE160137	2020	no	no
GSE160138	2020	no	no
GSE160140	2020	no	no
GSE160148	2020	no	no
GSE160193	2020	yes	meta
GSE160228	2020	no	no
GSE160251	2020	yes	object
GSE160269	2020	no	no
GSE160305	2020	no	no
GSE160351	2020	no	no
GSE160358	2020	no	no
GSE160377	2020	yes	meta
GSE160384	2020	no	no
GSE160386	2020	no	no
GSE160400	2020	no	no
GSE160450	2020	no	no
GSE160466	2020	no	no
GSE160474	2020	no	no
GSE160486	2020	no	no
GSE160487	2020	no	no
GSE160523	2020	yes	meta
GSE160529	2020	no	no
GSE160536	2020	no	no
GSE160585	2020	yes	meta
GSE160664	2020	yes	meta
GSE160673	2020	yes	meta
GSE160674	2020	no	no
GSE160729	2020	no	no
GSE160751	2020	no	no
GSE160752	2020	no	no
GSE160753	2020	no	no
GSE160754	2020	no	no
GSE160760	2020	no	no
GSE160763	2020	no	no
GSE160767	2020	no	no
GSE160772	2020	yes	object
GSE160787	2020	no	no
GSE160794	2020	no	no
GSE160797	2020	yes	meta
GSE160810	2020	yes	object
GSE160876	2020	no	no
GSE160910	2020	no	no
GSE160915	2020	no	no
GSE160938	2020	yes	object
GSE160991	2020	yes	meta
GSE161066	2020	no	no
GSE161089	2020	no	no
GSE161123	2020	no	no
GSE161125	2020	no	no
GSE161132	2020	no	no
GSE161153	2020	no	no
GSE161195	2020	yes	meta
GSE161224	2020	no	no
GSE161227	2020	no	no
GSE161228	2020	yes	meta
GSE161230	2020	no	no
GSE161255	2020	yes	meta
GSE161262	2020	no	no
GSE161263	2020	no	no
GSE161267	2020	no	no
GSE161280	2020	no	no
GSE161290	2020	no	no
GSE161298	2020	no	no
GSE161299	2020	no	no
GSE161318	2020	yes	meta
GSE161329	2020	no	no
GSE161336	2020	no	no
GSE161340	2020	no	no
GSE161345	2020	no	no
GSE161363	2020	yes	meta
GSE161382	2020	yes	meta
GSE161447	2020	no	no
GSE161465	2020	yes	meta
GSE161482	2020	no	no
GSE161487	2020	no	no
GSE161500	2020	no	no
GSE161511	2020	no	no
GSE161560	2020	no	no
GSE161604	2020	no	no
GSE161610	2020	no	no
GSE161617	2020	no	no
GSE161621	2020	no	no
GSE161628	2020	no	no
GSE161642	2020	no	no
GSE161648	2020	no	no
GSE161685	2020	yes	object
GSE161722	2020	no	no
GSE161738	2020	yes	object
GSE161751	2020	no	no
GSE161758	2020	no	no
GSE161855	2020	no	no
GSE161894	2020	no	no
GSE161901	2020	no	no
GSE161918	2020	yes	meta
GSE161933	2020	yes	meta
GSE161934	2020	no	no
GSE161936	2020	yes	object
GSE161937	2020	no	no
GSE161947	2020	yes	meta
GSE162025	2020	yes	meta
GSE162033	2020	no	no
GSE162035	2020	no	no
GSE162045	2020	no	no
GSE162049	2020	no	no
GSE162053	2020	no	no
GSE162054	2020	no	no
GSE162073	2020	no	no
GSE162075	2020	no	no
GSE162086	2020	yes	meta
GSE162097	2020	no	no
GSE162098	2020	no	no
GSE162115	2020	no	no
GSE162121	2020	yes	object
GSE162182	2020	yes	meta
GSE162208	2020	no	no
GSE162234	2020	no	no
GSE162238	2020	yes	meta
GSE162263	2020	no	no
GSE162308	2020	yes	meta
GSE162334	2020	no	no
GSE162335	2020	yes	meta
GSE162379	2020	no	no
GSE162418	2020	no	no
GSE162432	2020	no	no
GSE162467	2020	yes	object
GSE162498	2020	yes	object
GSE162499	2020	yes	meta
GSE162511	2020	no	no
GSE162512	2020	no	no
GSE162621	2020	no	no
GSE162654	2020	yes	meta
GSE162663	2020	no	no
GSE162685	2020	yes	meta
GSE162686	2020	yes	meta
GSE162726	2020	no	no
GSE162806	2020	no	no
GSE162807	2020	no	no
GSE162933	2020	no	no
GSE162952	2020	no	no
GSE162979	2020	no	no
GSE162992	2020	no	no
GSE163005	2020	yes	meta
GSE163014	2020	no	no
GSE163018	2020	yes	meta
GSE163028	2020	no	no
GSE163029	2020	no	no
GSE163089	2020	yes	meta
GSE163108	2020	yes	meta
GSE163120	2020	yes	meta
GSE163121	2020	no	no
GSE163155	2020	no	no
GSE163194	2020	no	no
GSE163282	2020	no	no
GSE163323	2020	no	no
GSE163367	2020	no	no
GSE163394	2020	no	no
GSE163423	2020	no	no
GSE163429	2020	no	no
GSE163430	2020	no	no
GSE163445	2020	no	no
GSE163493	2020	no	no
GSE163519	2020	no	no
GSE163532	2020	yes	meta
GSE163536	2020	no	no
GSE163572	2020	no	no
GSE163602	2020	no	no
GSE163650	2020	no	no
GSE163668	2020	no	no
GSE163678	2020	no	no
GSE163744	2020	no	no
GSE163750	2020	no	no
GSE163762	2020	no	no
GSE163764	2020	no	no
GSE163793	2020	no	no
GSE163794	2020	no	no
GSE163830	2020	no	no
GSE163834	2020	no	no
GSE163856	2020	yes	object
GSE163919	2020	yes	meta
GSE163952	2020	yes	object
GSE163974	2020	no	no
GSE164010	2020	no	no
GSE164015	2020	no	no
GSE164026	2020	no	no
GSE164033	2020	yes	meta
GSE164041	2020	no	no
GSE164044	2020	no	no
GSE164092	2020	yes	meta
GSE164106	2020	no	no
GSE164108	2020	no	no
GSE164110	2020	no	no
GSE164131	2020	no	no
GSE36552	2012	no	no
GSE38198	2012	no	no
GSE38495	2012	no	no
GSE39821	2012	no	no
GSE41265	2012	no	no
GSE42268	2012	no	no
GSE42564	2012	no	no
GSE44183	2013	no	no
GSE44618	2013	no	no
GSE45719	2013	no	no
GSE46226	2013	no	no
GSE46805	2013	no	no
GSE46817	2013	no	no
GSE46980	2013	no	no
GSE47835	2013	no	no
GSE48968	2013	no	no
GSE49321	2013	no	no
GSE49592	2013	no	no
GSE49607	2013	no	no
GSE51025	2013	no	no
GSE51254	2013	no	no
GSE51372	2013	no	no
GSE52359	2013	no	no
GSE52525	2013	no	no
GSE52529	2013	no	no
GSE52564	2013	no	no
GSE52583	2013	no	no
GSE52717	2013	no	no
GSE53386	2013	no	no
GSE53638	2013	no	no
GSE54006	2014	no	no
GSE54695	2014	no	no
GSE55291	2014	no	no
GSE55343	2014	no	no
GSE55939	2014	no	no
GSE56586	2014	no	no
GSE56638	2014	no	no
GSE57049	2014	no	meta
GSE57249	2014	no	no
GSE57609	2014	no	no
GSE57694	2014	no	no
GSE57872	2014	no	no
GSE58057	2014	no	no
GSE58652	2014	no	no
GSE59114	2014	no	no
GSE59127	2014	no	no
GSE59129	2014	no	no
GSE59130	2014	no	no
GSE59715	2014	no	no
GSE59739	2014	no	no
GSE60066	2014	no	no
GSE60297	2014	no	no
GSE60361	2014	no	meta
GSE60407	2014	no	no
GSE60749	2014	no	no
GSE60768	2014	no	no
GSE60781	2014	no	no
GSE61288	2014	no	no
GSE61300	2014	no	no
GSE61346	2014	no	no
GSE61470	2014	no	no
GSE61533	2014	no	no
GSE61844	2014	no	no
GSE62050	2014	no	no
GSE62270	2014	no	no
GSE62408	2014	no	no
GSE62952	2014	no	no
GSE63093	2014	no	no
GSE63161	2014	no	no
GSE63180	2014	no	no
GSE63266	2014	no	no
GSE63269	2014	yes	meta
GSE63472	2014	yes	meta
GSE63576	2014	no	no
GSE63681	2014	no	no
GSE63796	2014	no	no
GSE63818	2014	no	no
GSE64002	2014	no	no
GSE64016	2014	no	no
GSE64292	2014	no	no
GSE64677	2015	no	no
GSE64960	2015	no	no
GSE65160	2015	no	no
GSE65364	2015	no	no
GSE65481	2015	no	no
GSE65525	2015	no	no
GSE65528	2015	no	no
GSE65529	2015	no	no
GSE65530	2015	no	no
GSE65924	2015	no	no
GSE65970	2015	no	no
GSE66053	2015	no	no
GSE66202	2015	no	no
GSE66217	2015	no	no
GSE66343	2015	no	no
GSE66357	2015	no	no
GSE66390	2015	no	no
GSE66507	2015	no	no
GSE66688	2015	no	no
GSE66693	2015	yes	meta
GSE66694	2015	no	no
GSE66763	2015	no	no
GSE67123	2015	yes	meta
GSE67259	2015	no	no
GSE67310	2015	yes	meta
GSE67602	2015	no	no
GSE67833	2015	no	no
GSE67835	2015	no	no
GSE67980	2015	no	no
GSE68103	2015	no	no
GSE68596	2015	no	no
GSE68625	2015	no	no
GSE68920	2015	no	no
GSE68981	2015	no	no
GSE69292	2015	no	no
GSE69405	2015	no	no
GSE69761	2015	no	no
GSE69790	2015	no	no
GSE69926	2015	no	no
GSE69970	2015	no	no
GSE70245	2015	no	no
GSE70580	2015	no	no
GSE70608	2015	no	no
GSE70630	2015	no	no
GSE70657	2015	no	no
GSE70713	2015	no	no
GSE70798	2015	yes	meta
GSE70844	2015	no	no
GSE70930	2015	no	no
GSE71104	2015	no	no
GSE71315	2015	no	no
GSE71318	2015	no	no
GSE71453	2015	no	no
GSE71485	2015	no	no
GSE71585	2015	yes	meta
GSE71735	2015	no	no
GSE71794	2015	no	no
GSE71858	2015	no	no
GSE71982	2015	no	no
GSE72056	2015	no	no
GSE72059	2015	no	no
GSE72091	2015	no	no
GSE72612	2015	no	no
GSE72857	2015	no	no
GSE73122	2015	no	no
GSE73382	2015	no	no
GSE73574	2015	no	no
GSE73727	2015	no	no
GSE73861	2015	no	no
GSE74155	2015	no	no
GSE74207	2015	no	no
GSE74290	2015	no	no
GSE74360	2015	no	no
GSE74406	2015	no	no
GSE74450	2015	yes	meta
GSE74488	2015	no	no
GSE74533	2015	no	no
GSE74535	2015	no	no
GSE74594	2015	yes	meta
GSE74596	2015	yes	meta
GSE74639	2015	yes	meta
GSE74672	2015	no	no
GSE74720	2015	no	no
GSE74767	2015	no	no
GSE74792	2015	no	no
GSE74833	2015	no	no
GSE74923	2015	no	no
GSE75049	2015	no	no
GSE75140	2015	no	no
GSE75185	2015	no	no
GSE75187	2015	no	no
GSE75367	2015	no	meta
GSE75384	2015	no	no
GSE75386	2015	no	no
GSE75413	2015	no	no
GSE75417	2015	no	meta
GSE75478	2015	no	no
GSE75659	2015	no	no
GSE75688	2015	no	no
GSE75748	2015	no	meta
GSE75751	2015	no	no
GSE75790	2015	no	no
GSE75804	2015	no	no
GSE75901	2015	no	no
GSE76005	2015	no	no
GSE76026	2015	no	no
GSE76157	2015	no	no
GSE76184	2015	no	no
GSE76267	2015	no	no
GSE76284	2015	no	no
GSE76312	2015	yes	meta
GSE76314	2015	no	no
GSE76381	2015	no	no
GSE76408	2015	no	no
GSE76483	2016	no	no
GSE76579	2016	no	no
GSE76606	2016	no	no
GSE76871	2016	yes	meta
GSE76879	2016	no	no
GSE76881	2016	no	no
GSE77029	2016	no	no
GSE77067	2016	no	no
GSE77107	2016	no	no
GSE77288	2016	no	no
GSE77308	2016	no	no
GSE77564	2016	no	no
GSE77736	2016	no	no
GSE77740	2016	no	no
GSE77846	2016	no	no
GSE77847	2016	no	no
GSE77882	2016	no	no
GSE77944	2016	no	no
GSE77980	2016	no	no
GSE78045	2016	no	no
GSE78140	2016	no	no
GSE78307	2016	no	no
GSE78308	2016	no	no
GSE78309	2016	no	no
GSE78310	2016	no	no
GSE78311	2016	no	no
GSE78312	2016	no	no
GSE78313	2016	no	no
GSE78314	2016	no	no
GSE78318	2016	no	no
GSE78319	2016	no	no
GSE78322	2016	no	no
GSE78324	2016	no	no
GSE78326	2016	no	no
GSE78327	2016	no	no
GSE78328	2016	no	no
GSE78330	2016	no	no
GSE78331	2016	no	no
GSE78332	2016	no	no
GSE78333	2016	no	no
GSE78334	2016	no	no
GSE78336	2016	no	no
GSE78339	2016	no	no
GSE78341	2016	no	no
GSE78342	2016	no	no
GSE78343	2016	no	no
GSE78346	2016	no	no
GSE78347	2016	no	no
GSE78348	2016	no	no
GSE78349	2016	no	no
GSE78350	2016	no	no
GSE78352	2016	no	no
GSE78353	2016	no	no
GSE78354	2016	no	no
GSE78355	2016	no	no
GSE78356	2016	no	no
GSE78361	2016	no	no
GSE78362	2016	no	no
GSE78363	2016	no	no
GSE78365	2016	no	no
GSE78366	2016	no	no
GSE78367	2016	no	no
GSE78368	2016	no	no
GSE78373	2016	no	no
GSE78375	2016	no	no
GSE78376	2016	no	no
GSE78377	2016	no	no
GSE78379	2016	no	no
GSE78381	2016	no	no
GSE78383	2016	no	no
GSE78385	2016	no	no
GSE78386	2016	no	no
GSE78387	2016	no	no
GSE78388	2016	no	no
GSE78389	2016	no	no
GSE78394	2016	no	no
GSE78397	2016	no	no
GSE78398	2016	no	no
GSE78400	2016	no	no
GSE78401	2016	no	no
GSE78402	2016	no	no
GSE78407	2016	no	no
GSE78408	2016	no	no
GSE78410	2016	no	no
GSE78412	2016	no	no
GSE78414	2016	no	no
GSE78417	2016	no	no
GSE78420	2016	no	no
GSE78421	2016	no	no
GSE78424	2016	no	no
GSE78425	2016	no	no
GSE78426	2016	no	no
GSE78427	2016	no	no
GSE78428	2016	no	no
GSE78430	2016	no	no
GSE78432	2016	no	no
GSE78434	2016	no	no
GSE78435	2016	no	no
GSE78436	2016	no	no
GSE78439	2016	no	no
GSE78440	2016	no	no
GSE78442	2016	no	no
GSE78443	2016	no	no
GSE78445	2016	no	no
GSE78447	2016	no	no
GSE78449	2016	no	no
GSE78451	2016	no	no
GSE78453	2016	no	no
GSE78454	2016	no	no
GSE78455	2016	no	no
GSE78457	2016	no	no
GSE78458	2016	no	no
GSE78460	2016	no	no
GSE78463	2016	no	no
GSE78466	2016	no	no
GSE78467	2016	no	no
GSE78471	2016	no	no
GSE78473	2016	no	no
GSE78475	2016	no	no
GSE78478	2016	no	no
GSE78479	2016	no	no
GSE78480	2016	no	no
GSE78482	2016	no	no
GSE78483	2016	no	no
GSE78486	2016	no	no
GSE78488	2016	no	no
GSE78489	2016	no	no
GSE78490	2016	no	no
GSE78494	2016	no	no
GSE78510	2016	no	no
GSE78521	2016	no	no
GSE78779	2016	no	no
GSE78845	2016	no	no
GSE78924	2016	no	no
GSE78954	2016	no	no
GSE78968	2016	no	no
GSE79096	2016	no	no
GSE79102	2016	no	no
GSE79108	2016	no	no
GSE79136	2016	no	no
GSE79137	2016	no	no
GSE79161	2016	no	no
GSE79280	2016	no	no
GSE79283	2016	no	no
GSE79306	2016	no	no
GSE79363	2016	no	no
GSE79374	2016	no	no
GSE79380	2016	no	no
GSE79435	2016	no	no
GSE79436	2016	no	no
GSE79457	2016	no	no
GSE79510	2016	no	no
GSE79578	2016	no	no
GSE79651	2016	no	no
GSE79812	2016	no	no
GSE79818	2016	no	no
GSE79866	2016	no	no
GSE79920	2016	yes	meta
GSE80032	2016	no	no
GSE80168	2016	no	no
GSE80212	2016	no	no
GSE80280	2016	no	no
GSE80297	2016	no	no
GSE80551	2016	no	no
GSE80810	2016	no	no
GSE81076	2016	no	no
GSE81197	2016	no	no
GSE81233	2016	no	no
GSE81252	2016	no	no
GSE81275	2016	no	no
GSE81335	2016	no	no
GSE81383	2016	no	no
GSE81412	2016	no	no
GSE81444	2016	no	no
GSE81475	2016	no	no
GSE81505	2016	no	no
GSE81547	2016	no	no
GSE81585	2016	no	no
GSE81608	2016	no	no
GSE81671	2016	no	no
GSE81673	2016	no	no
GSE81682	2016	no	no
GSE81730	2016	no	no
GSE81747	2016	no	no
GSE81748	2016	no	no
GSE81749	2016	no	no
GSE81750	2016	no	no
GSE81812	2016	no	no
GSE81848	2016	yes	object
GSE81861	2016	no	no
GSE81905	2016	yes	object
GSE82070	2016	no	no
GSE82174	2016	no	no
GSE82187	2016	no	no
GSE83139	2016	no	no
GSE83142	2016	no	no
GSE83146	2016	no	no
GSE83372	2016	no	no
GSE83450	2016	no	no
GSE83533	2016	no	no
GSE83948	2016	no	no
GSE84133	2016	no	no
GSE84323	2016	no	no
GSE84324	2016	no	no
GSE84465	2016	no	no
GSE84498	2016	no	no
GSE84686	2016	no	no
GSE84705	2016	no	no
GSE84714	2016	no	no
GSE84789	2016	no	no
GSE84915	2016	no	no
GSE85066	2016	no	no
GSE85111	2016	no	no
GSE85152	2016	no	no
GSE85154	2016	no	no
GSE85183	2016	no	no
GSE85234	2016	no	no
GSE85241	2016	no	no
GSE85477	2016	no	no
GSE85527	2016	no	no
GSE85534	2016	no	no
GSE85575	2016	no	no
GSE85627	2016	no	no
GSE85721	2016	no	no
GSE85755	2016	no	no
GSE85783	2016	no	no
GSE85875	2016	no	no
GSE85908	2016	yes	meta
GSE85917	2016	no	no
GSE85951	2016	no	no
GSE85954	2016	no	no
GSE86023	2016	no	no
GSE86028	2016	no	no
GSE86030	2016	no	no
GSE86031	2016	no	no
GSE86039	2016	no	no
GSE86101	2016	no	no
GSE86102	2016	no	no
GSE86103	2016	no	no
GSE86104	2016	no	no
GSE86146	2016	no	no
GSE86153	2016	no	no
GSE86175	2016	no	no
GSE86192	2016	no	no
GSE86207	2016	yes	meta
GSE86225	2016	no	no
GSE86310	2016	no	no
GSE86473	2016	no	no
GSE86479	2016	no	no
GSE86618	2016	no	no
GSE86894	2016	no	no
GSE86929	2016	no	no
GSE86997	2016	no	no
GSE87038	2016	no	no
GSE87069	2016	no	no
GSE87195	2016	no	no
GSE87237	2016	no	no
GSE87293	2016	no	no
GSE87375	2016	no	no
GSE87544	2016	yes	object
GSE87631	2016	no	no
GSE87641	2016	no	no
GSE87692	2016	no	no
GSE87720	2016	no	no
GSE87725	2016	no	no
GSE87795	2016	no	no
GSE87849	2016	no	no
GSE87944	2016	no	no
GSE87945	2016	no	no
GSE88550	2016	no	no
GSE88567	2016	no	no
GSE88814	2016	no	no
GSE88850	2016	no	no
GSE88926	2016	no	no
GSE88927	2016	no	no
GSE88953	2016	no	no
GSE89164	2016	no	no
GSE89232	2016	no	no
GSE89263	2016	no	no
GSE89285	2016	no	no
GSE89322	2016	no	no
GSE89379	2016	no	no
GSE89405	2016	no	no
GSE89477	2016	no	no
GSE89497	2016	no	no
GSE89503	2016	no	no
GSE89549	2016	no	no
GSE89567	2016	no	no
GSE89754	2016	no	no
GSE89798	2016	no	no
GSE89885	2016	no	no
GSE89900	2016	no	no
GSE89910	2016	no	no
GSE90014	2016	no	no
GSE90047	2016	no	no
GSE90063	2016	no	no
GSE90140	2016	no	no
GSE90488	2016	no	no
GSE90546	2016	no	no
GSE90553	2016	no	no
GSE90683	2016	no	no
GSE90697	2016	no	no
GSE90734	2016	no	no
GSE90742	2016	no	no
GSE90797	2016	no	no
GSE90806	2016	no	no
GSE90813	2016	no	no
GSE90822	2016	no	no
GSE90824	2016	no	no
GSE90847	2016	no	no
GSE90848	2016	yes	meta
GSE90856	2016	no	no
GSE90860	2016	no	no
GSE90975	2016	no	no
GSE91063	2016	no	no
GSE91395	2016	no	no
GSE92247	2016	no	no
GSE92274	2016	no	no
GSE92276	2016	no	no
GSE92332	2016	no	no
GSE92432	2016	no	no
GSE92464	2016	no	no
GSE92465	2016	no	no
GSE92495	2016	no	no
GSE92541	2016	no	no
GSE92542	2016	no	no
GSE92575	2016	yes	meta
GSE92622	2016	no	no
GSE92650	2016	no	no
GSE92699	2016	no	no
GSE92707	2016	no	no
GSE92842	2016	no	no
GSE92865	2016	no	no
GSE92872	2016	no	no
GSE93156	2017	no	no
GSE93374	2017	yes	meta
GSE93421	2017	no	no
GSE93524	2017	no	no
GSE93530	2017	no	no
GSE93593	2017	no	no
GSE93722	2017	no	no
GSE93801	2017	no	no
GSE93811	2017	no	no
GSE94054	2017	yes	meta
GSE94087	2017	no	no
GSE94333	2017	no	no
GSE94383	2017	no	no
GSE94555	2017	no	meta
GSE94579	2017	no	no
GSE94641	2017	no	no
GSE94813	2017	no	no
GSE94820	2017	no	no
GSE94883	2017	no	no
GSE94920	2017	no	no
GSE94957	2017	no	no
GSE95021	2017	no	no
GSE95025	2017	no	no
GSE95093	2017	no	no
GSE95133	2017	yes	meta
GSE95140	2017	no	no
GSE95155	2017	no	no
GSE95157	2017	no	no
GSE95194	2017	no	no
GSE95435	2017	no	no
GSE95446	2017	no	no
GSE95450	2017	no	no
GSE95542	2017	no	no
GSE95601	2017	yes	meta
GSE95701	2017	yes	meta
GSE95723	2017	no	no
GSE95736	2017	no	no
GSE96045	2017	no	no
GSE96066	2017	no	no
GSE96104	2017	no	no
GSE96105	2017	no	no
GSE96106	2017	no	no
GSE96569	2017	no	no
GSE96583	2017	no	no
GSE96630	2017	no	no
GSE96638	2017	no	no
GSE96674	2017	no	no
GSE96675	2017	no	no
GSE96772	2017	no	no
GSE96819	2017	no	no
GSE96827	2017	no	no
GSE96981	2017	no	no
GSE96986	2017	no	no
GSE96993	2017	no	no
GSE97037	2017	no	no
GSE97080	2017	no	no
GSE97160	2017	no	no
GSE97168	2017	yes	meta
GSE97213	2017	no	no
GSE97310	2017	no	no
GSE97381	2017	no	no
GSE97390	2017	no	no
GSE97519	2017	no	no
GSE97564	2017	no	no
GSE97655	2017	no	no
GSE97679	2017	no	no
GSE97681	2017	no	no
GSE97693	2017	no	no
GSE97726	2017	no	no
GSE97727	2017	no	no
GSE97848	2017	no	no
GSE97849	2017	no	no
GSE97881	2017	no	no
GSE97941	2017	no	meta
GSE97942	2017	no	no
GSE97955	2017	no	no
GSE98011	2017	no	no
GSE98048	2017	no	no
GSE98052	2017	no	no
GSE98131	2017	no	no
GSE98145	2017	no	no
GSE98201	2017	no	no
GSE98415	2017	no	no
GSE98440	2017	no	no
GSE98451	2017	no	no
GSE98556	2017	no	no
GSE98561	2017	yes	object
GSE98567	2017	no	no
GSE98569	2017	no	no
GSE98587	2017	no	no
GSE98638	2017	no	no
GSE98644	2017	no	no
GSE98664	2017	no	no
GSE98679	2017	yes	meta
GSE98734	2017	yes	meta
GSE98794	2017	no	no
GSE98816	2017	no	no
GSE98852	2017	no	no
GSE98971	2017	no	no
GSE99058	2017	no	no
GSE99093	2017	yes	object
GSE99095	2017	no	no
GSE99187	2017	no	no
GSE99210	2017	no	no
GSE99211	2017	no	no
GSE99235	2017	no	no
GSE99251	2017	yes	meta
GSE99254	2017	no	no
GSE99255	2017	no	no
GSE99258	2017	no	no
GSE99305	2017	no	no
GSE99330	2017	no	no
GSE99457	2017	no	no
GSE99701	2017	no	no
GSE99714	2017	no	no
GSE99735	2017	no	no
GSE99765	2017	yes	meta
GSE99778	2017	no	no
GSE99786	2017	no	no
GSE99795	2017	no	no
GSE99822	2017	no	no
GSE99846	2017	no	no
GSE99866	2017	no	no
GSE99888	2017	no	no
GSE99909	2017	no	no
GSE99915	2017	no	no
GSE99951	2017	no	no
GSE99989	2017	no	no
